id,gt_row_idx,best_rubric,brief_reason,learned_row_idx,qwen3_8b_direct_row_idx,GT_relevance,GT_correctness,GT_completeness,GT_specificity,GT_non_redundancy,GT_usefulness,GT_overall,learned_relevance,learned_correctness,learned_completeness,learned_specificity,learned_non_redundancy,learned_usefulness,learned_overall,qwen3_8b_direct_relevance,qwen3_8b_direct_correctness,qwen3_8b_direct_completeness,qwen3_8b_direct_specificity,qwen3_8b_direct_non_redundancy,qwen3_8b_direct_usefulness,qwen3_8b_direct_overall
9379,9379,tie,"All three rubrics are highly relevant and useful, with similar coverage of the notation, abstract Hilbert-space interpretation, wavefunction connection, and pitfalls.",552,552,5.0,4.0,4.0,4.0,4.0,5.0,4.333333333333333,5.0,4.0,4.0,4.0,4.0,5.0,4.333333333333333,5.0,4.0,4.0,4.0,4.0,5.0,4.333333333333333
15005,15005,GT,"GT is the most concise and accurate rubric, while the generated rubrics are slightly more redundant or include a minor formula issue.",4955,4955,5.0,5.0,5.0,5.0,4.0,5.0,4.833333333333333,5.0,4.0,5.0,5.0,3.0,5.0,4.5,5.0,4.0,4.0,5.0,4.0,5.0,4.5
4710,4710,tie,"All three rubrics are highly relevant and useful, with similar coverage of infinite temperature, heat transfer, and thermometer limitations, though each has minor redundancy or slight overgeneralization.",339,339,5.0,4.0,4.0,5.0,3.0,4.0,4.166666666666667,5.0,4.0,4.0,4.0,4.0,4.0,4.166666666666667,5.0,4.0,4.0,4.0,4.0,4.0,4.166666666666667
12297,12297,tie,"All three rubrics are highly relevant and useful; the learned and qwen rubrics are slightly more complete but somewhat redundant, while GT is cleaner but a bit less explicit.",8410,8410,5.0,5.0,4.0,4.0,4.0,5.0,4.5,5.0,4.0,5.0,5.0,3.0,5.0,4.5,5.0,4.0,5.0,5.0,3.0,5.0,4.5
2914,2914,GT,"GT is the most complete and accurate overall, while the generated rubrics are also strong but slightly less polished and somewhat redundant.",798,798,5.0,5.0,5.0,5.0,3.0,5.0,4.666666666666667,5.0,4.0,4.0,5.0,4.0,5.0,4.5,5.0,4.0,4.0,5.0,3.0,5.0,4.333333333333333
13056,13056,tie,"GT and learned are equally strong and highly aligned with the problem, while qwen3_8b_direct is slightly less polished due to formatting issues and a somewhat less precise negative criterion.",4758,4758,5.0,5.0,5.0,5.0,4.0,5.0,4.833333333333333,5.0,5.0,5.0,5.0,4.0,5.0,4.833333333333333,5.0,4.0,4.0,5.0,3.0,4.0,4.166666666666667
16179,16179,GT,"GT is the most directly aligned and useful, while qwen3_8b_direct has some relevant points but includes factual issues and learned is largely off-target.",9068,9068,5.0,4.0,4.0,5.0,3.0,5.0,4.333333333333333,2.0,2.0,1.0,1.0,2.0,1.0,1.5,4.0,2.0,3.0,4.0,3.0,3.0,3.1666666666666665
9681,9681,GT,"GT is the most directly aligned and useful, while the others are more generic and less tightly matched to the reference answer’s uncertainty-based justification.",8614,8614,5.0,4.0,4.0,5.0,3.0,5.0,4.333333333333333,5.0,4.0,3.0,4.0,4.0,4.0,4.0,4.0,3.0,3.0,3.0,4.0,3.0,3.3333333333333335
4932,4932,GT,"GT is the most concise and well-targeted rubric, while the others add some redundancy and slightly awkward/overstated negative criteria.",753,753,5.0,5.0,5.0,5.0,4.0,5.0,4.833333333333333,5.0,4.0,5.0,5.0,3.0,5.0,4.5,5.0,4.0,5.0,5.0,2.0,4.0,4.166666666666667
2085,2085,GT,"GT is the most concise and accurate while still covering the key mechanisms, whereas the generated rubrics add some redundancy and minor imprecision.",7350,7350,5.0,5.0,5.0,5.0,4.0,5.0,4.833333333333333,5.0,4.0,5.0,5.0,3.0,5.0,4.5,5.0,4.0,5.0,5.0,3.0,5.0,4.5
14732,14732,tie,"All three rubrics are highly relevant and useful, with similar coverage of the key Pauli-susceptibility derivation steps and only minor issues in redundancy and completeness.",7469,7469,5.0,4.0,4.0,5.0,4.0,5.0,4.5,5.0,4.0,4.0,5.0,4.0,5.0,4.5,5.0,4.0,4.0,5.0,4.0,5.0,4.5
7422,7422,tie,"All three rubrics are highly relevant and useful, with only minor issues in completeness and wording, so they are effectively tied.",8500,8500,5.0,4.0,4.0,5.0,4.0,5.0,4.5,5.0,4.0,4.0,5.0,4.0,5.0,4.5,5.0,4.0,4.0,5.0,4.0,5.0,4.5
862,862,GT,"GT is the most accurate and useful rubric for this exact Charles’s law question, while qwen3_8b_direct is good but slightly redundant and less polished.",3123,3123,5.0,5.0,5.0,5.0,4.0,5.0,4.833333333333333,2.0,2.0,1.0,1.0,2.0,1.0,1.5,5.0,4.0,4.0,5.0,3.0,4.0,4.166666666666667
15294,15294,learned,"The learned rubric is the most concise while still capturing the key calculation, approximation, units, and ultraviolet identification without unnecessary extra constraints.",6419,6419,5.0,4.0,4.0,5.0,3.0,5.0,4.333333333333333,5.0,4.0,4.0,5.0,4.0,5.0,4.5,5.0,3.0,4.0,4.0,3.0,4.0,3.8333333333333335
7489,7489,GT,"GT is the most directly aligned and useful rubric, while learned is slightly less correct due to extra mechanistic claims and qwen3_8b_direct is incomplete.",2952,2952,5.0,5.0,4.0,4.0,4.0,5.0,4.5,5.0,4.0,4.0,4.0,4.0,5.0,4.333333333333333,2.0,2.0,1.0,1.0,4.0,1.0,1.8333333333333333
9048,9048,tie,"All three rubrics are highly relevant and specific; the generated rubrics are slightly cleaner, while the GT rubric is a bit more redundant.",9827,9827,5.0,4.0,4.0,5.0,3.0,4.0,4.166666666666667,5.0,4.0,4.0,5.0,4.0,5.0,4.5,5.0,4.0,4.0,5.0,4.0,5.0,4.5
2749,2749,learned,"The learned rubric is the most complete and useful overall, though it is slightly more redundant than the others.",9948,9948,5.0,5.0,4.0,5.0,4.0,5.0,4.666666666666667,5.0,4.0,5.0,5.0,3.0,5.0,4.5,5.0,4.0,4.0,5.0,4.0,5.0,4.5
12857,12857,tie,"All three rubrics are highly relevant and useful; GT is slightly more redundant, while the generated rubrics are similarly strong and essentially tied overall.",8867,8867,5.0,5.0,5.0,5.0,3.0,5.0,4.666666666666667,5.0,4.0,5.0,5.0,4.0,5.0,4.666666666666667,5.0,4.0,5.0,5.0,4.0,5.0,4.666666666666667
3059,3059,GT,"GT is the most accurate and directly aligned with the benzyne mechanism and required product, while learned is slightly redundant and qwen3_8b_direct is largely off-task.",7517,7517,5.0,5.0,5.0,5.0,4.0,5.0,4.833333333333333,5.0,4.0,4.0,5.0,3.0,4.0,4.166666666666667,2.0,1.0,1.0,1.0,1.0,1.0,1.1666666666666667
14759,14759,tie,All three rubrics are relevant and mostly correct; the learned and qwen3_8b_direct rubrics are slightly cleaner and more concise than GT.,9861,9861,5.0,4.0,4.0,4.0,3.0,4.0,4.0,5.0,4.0,4.0,4.0,4.0,4.0,4.166666666666667,5.0,4.0,4.0,4.0,4.0,4.0,4.166666666666667
17606,17606,learned,"The learned rubric is the most balanced and complete while remaining concise, whereas qwen3_8b_direct is slightly more redundant.",6547,6547,5.0,4.0,4.0,5.0,4.0,5.0,4.5,5.0,4.0,5.0,5.0,4.0,5.0,4.666666666666667,5.0,4.0,5.0,5.0,3.0,5.0,4.5
5750,5750,GT,"GT is the most accurate and complete rubric, while the generated rubrics are partially truncated or contain weaker/less precise guidance.",8887,8887,5.0,5.0,5.0,5.0,4.0,5.0,4.833333333333333,4.0,4.0,3.0,4.0,3.0,4.0,3.6666666666666665,4.0,3.0,3.0,4.0,3.0,3.0,3.3333333333333335
3882,3882,GT,"GT is the most directly aligned and useful rubric, while learned is largely off-target and qwen3_8b_direct is partially complete but truncated.",3808,3808,5.0,4.0,4.0,5.0,4.0,5.0,4.5,2.0,2.0,1.0,1.0,2.0,1.0,1.5,4.0,3.0,2.0,4.0,4.0,3.0,3.3333333333333335
8234,8234,learned,"The learned rubric is the most concise and directly aligned with the exact numerical answer and equilibrium reasoning, while the GT rubric is more redundant and the qwen rubric is truncated/incomplete.",2128,2128,5.0,4.0,4.0,5.0,2.0,4.0,4.0,5.0,5.0,4.0,5.0,4.0,5.0,4.666666666666667,4.0,4.0,2.0,4.0,3.0,3.0,3.3333333333333335
6927,6927,tie,"GT and learned are equally strong and well-targeted, while qwen3_8b_direct is slightly more redundant and less precise.",8640,8640,5.0,5.0,5.0,5.0,4.0,5.0,4.833333333333333,5.0,5.0,5.0,5.0,4.0,5.0,4.833333333333333,5.0,4.0,4.0,4.0,3.0,4.0,4.0
5808,5808,GT,"GT is the most complete and well-structured rubric, while the others are useful but slightly more redundant and less polished.",6405,6405,5.0,5.0,5.0,5.0,4.0,5.0,4.833333333333333,5.0,4.0,4.0,5.0,3.0,5.0,4.333333333333333,5.0,4.0,4.0,5.0,3.0,5.0,4.333333333333333
11455,11455,GT,"GT is the most balanced and complete rubric, while qwen3_8b_direct is strong but somewhat redundant and learned is incomplete/truncated.",6430,6430,5.0,4.0,4.0,5.0,3.0,4.0,4.166666666666667,4.0,2.0,2.0,4.0,2.0,2.0,2.6666666666666665,5.0,4.0,4.0,5.0,2.0,4.0,4.0
12943,12943,GT,GT is the most complete and directly aligned with both the zero-temperature Fermi energy answer and the finite-temperature distribution change.,6258,6258,5.0,5.0,5.0,5.0,3.0,5.0,4.666666666666667,5.0,4.0,4.0,5.0,4.0,5.0,4.5,4.0,3.0,3.0,4.0,4.0,3.0,3.5
1670,1670,GT,"GT is the most accurate and complete rubric, while learned is truncated and qwen3_8b_direct contains a key conceptual error about hydrogen bonding being the primary factor.",2808,2808,5.0,5.0,5.0,5.0,4.0,5.0,4.833333333333333,2.0,2.0,1.0,2.0,3.0,1.0,1.8333333333333333,4.0,2.0,3.0,4.0,3.0,3.0,3.1666666666666665
15347,15347,GT,"GT is the most directly aligned and accurate rubric, while learned is slightly redundant and qwen3_8b_direct includes some less precise or unnecessary criteria.",4300,4300,5.0,5.0,4.0,5.0,4.0,5.0,4.666666666666667,5.0,4.0,4.0,4.0,3.0,4.0,4.0,4.0,3.0,3.0,4.0,3.0,3.0,3.3333333333333335
7427,7427,learned,"The learned rubric is the most concise while still covering the key H-theorem, Loschmidt paradox, entropy, and arrow-of-time requirements with minimal redundancy.",8212,8212,5.0,5.0,4.0,4.0,3.0,5.0,4.333333333333333,5.0,5.0,4.0,4.0,4.0,5.0,4.5,5.0,4.0,4.0,4.0,4.0,5.0,4.333333333333333
2611,2611,GT,"GT is the most directly aligned and complete for this simple balancing question, while qwen3_8b_direct is also strong but slightly more bloated.",7331,7331,5.0,5.0,5.0,5.0,4.0,5.0,4.833333333333333,2.0,2.0,1.0,1.0,3.0,1.0,1.6666666666666667,5.0,5.0,4.0,5.0,3.0,5.0,4.5
11283,11283,learned,The learned rubric is slightly more concise and less redundant while still covering the key physics and grading targets well.,2823,2823,5.0,5.0,4.0,5.0,3.0,5.0,4.5,5.0,5.0,4.0,5.0,4.0,5.0,4.666666666666667,5.0,5.0,4.0,5.0,3.0,5.0,4.5
16575,16575,GT,"GT is the most question-aligned and usable, while learned is somewhat helpful but includes unsupported assumptions, and qwen3_8b_direct is largely irrelevant meta-commentary.",9309,9309,4.0,2.0,3.0,4.0,4.0,3.0,3.3333333333333335,4.0,2.0,3.0,4.0,3.0,3.0,3.1666666666666665,1.0,1.0,1.0,1.0,2.0,1.0,1.1666666666666667
2920,2920,GT,"GT is the most concise and directly aligned with the question, while the others add some useful detail but also more redundancy or less precise criteria.",289,289,5.0,4.0,4.0,5.0,4.0,4.0,4.333333333333333,5.0,4.0,4.0,5.0,3.0,4.0,4.166666666666667,5.0,3.0,4.0,5.0,3.0,4.0,4.0
1490,1490,GT,"GT is the most precise and complete for this exact kinetics problem, while qwen3_8b_direct is also strong but slightly less detailed and the learned rubric is largely generic and off-target.",9237,9237,5.0,5.0,5.0,5.0,4.0,5.0,4.833333333333333,2.0,2.0,2.0,1.0,2.0,2.0,1.8333333333333333,5.0,4.0,4.0,4.0,4.0,5.0,4.333333333333333
16359,16359,GT,"GT is concise and well aligned to the exact rate-law and rate-constant task, while learned is slightly more redundant and qwen3_8b_direct is not a rubric at all.",6823,6823,5.0,5.0,5.0,5.0,4.0,5.0,4.833333333333333,5.0,4.0,5.0,5.0,3.0,5.0,4.5,1.0,1.0,1.0,1.0,1.0,1.0,1.0
250,250,GT,"GT is the most complete and directly aligned with the calculation steps and final answer, while the learned and qwen rubrics are incomplete or largely off-target.",667,667,5.0,5.0,5.0,5.0,4.0,5.0,4.833333333333333,4.0,2.0,2.0,3.0,3.0,2.0,2.6666666666666665,2.0,1.0,1.0,1.0,1.0,1.0,1.1666666666666667
12809,12809,GT,"GT is the most directly aligned and concise rubric for the question, while the generated rubrics are strong but somewhat more redundant and less tightly scoped.",6003,6003,5.0,5.0,4.0,5.0,4.0,5.0,4.666666666666667,5.0,4.0,4.0,4.0,4.0,5.0,4.333333333333333,5.0,4.0,5.0,4.0,3.0,5.0,4.333333333333333
9863,9863,GT,"GT is the most accurate and complete for the zero-distribution/phase-transition interpretation, while the others add some relevant detail but include more extraneous or less precise criteria.",1834,1834,5.0,5.0,5.0,5.0,3.0,5.0,4.666666666666667,5.0,4.0,4.0,4.0,3.0,5.0,4.166666666666667,4.0,3.0,3.0,4.0,4.0,4.0,3.6666666666666665
11065,11065,GT,"GT is the most directly aligned and complete, while learned is also strong but slightly less precise and qwen3_8b_direct is truncated and incomplete.",4187,4187,5.0,5.0,5.0,5.0,4.0,5.0,4.833333333333333,5.0,4.0,5.0,5.0,4.0,5.0,4.666666666666667,2.0,2.0,1.0,2.0,4.0,1.0,2.0
16605,16605,GT,"GT is the most balanced and complete rubric for this plotting-and-estimation task, while qwen3_8b_direct is also strong but slightly less concise and complete.",8699,8699,5.0,5.0,5.0,5.0,4.0,5.0,4.833333333333333,1.0,1.0,1.0,1.0,4.0,1.0,1.5,5.0,5.0,4.0,5.0,4.0,5.0,4.666666666666667
9548,9548,GT,"GT is the most concise and well-targeted while still covering the key ancestry mix, marker interpretation, and historical-cultural context without much redundancy.",9441,9441,5.0,4.0,5.0,5.0,4.0,5.0,4.666666666666667,5.0,4.0,5.0,5.0,3.0,5.0,4.5,5.0,4.0,5.0,5.0,2.0,5.0,4.333333333333333
12896,12896,GT,"GT is the most directly aligned and useful overall, though it has some redundancy and a minor chemistry imprecision about ethoxide being a weak nucleophile in aqueous conditions.",2233,2233,5.0,4.0,4.0,5.0,3.0,5.0,4.333333333333333,5.0,3.0,4.0,5.0,4.0,4.0,4.166666666666667,5.0,3.0,4.0,5.0,3.0,4.0,4.0
5800,5800,GT,"GT is the most accurate and well-targeted rubric, while the generated rubrics contain a key thermodynamic inaccuracy about defining 'always spontaneous' as ∆G° < 0.",2502,2502,5.0,5.0,5.0,5.0,4.0,5.0,4.833333333333333,5.0,3.0,4.0,4.0,3.0,4.0,3.8333333333333335,5.0,3.0,4.0,4.0,3.0,4.0,3.8333333333333335
13560,13560,GT,"GT is the most accurate and useful overall, while the learned rubrics include incorrect electrode chemistry and incomplete/duplicative criteria.",1156,1156,5.0,4.0,4.0,5.0,4.0,5.0,4.5,4.0,2.0,2.0,4.0,2.0,2.0,2.6666666666666665,4.0,2.0,2.0,4.0,3.0,2.0,2.8333333333333335
12863,12863,tie,"GT and qwen3_8b_direct are both highly question-specific and useful, while learned is largely unrelated to the task.",7467,7467,5.0,4.0,5.0,5.0,3.0,5.0,4.5,1.0,1.0,1.0,1.0,2.0,1.0,1.1666666666666667,5.0,4.0,4.0,5.0,4.0,5.0,4.5
6338,6338,learned,"The learned rubric is the most complete and useful overall, though slightly more redundant than GT.",5136,5136,5.0,5.0,4.0,5.0,4.0,5.0,4.666666666666667,5.0,4.0,5.0,5.0,3.0,5.0,4.5,5.0,4.0,4.0,5.0,4.0,5.0,4.5
6067,6067,learned,"The learned rubric is the most balanced and directly aligned with the question, while qwen3_8b_direct adds some less relevant over-specific requirements.",2775,2775,5.0,4.0,4.0,4.0,3.0,4.0,4.0,5.0,4.0,4.0,4.0,4.0,4.0,4.166666666666667,4.0,3.0,3.0,3.0,4.0,3.0,3.3333333333333335
4703,4703,learned,"The learned rubric is slightly more concise and structured than GT, while qwen3_8b_direct is mostly meta-commentary rather than a usable rubric.",7967,7967,4.0,2.0,3.0,4.0,3.0,3.0,3.1666666666666665,4.0,2.0,3.0,4.0,4.0,3.0,3.3333333333333335,1.0,1.0,1.0,1.0,1.0,1.0,1.0
11276,11276,GT,"GT is the most accurate and concise while still covering the key dissociation, pressure-ratio, and Kp steps needed for this specific problem.",3999,3999,5.0,5.0,5.0,5.0,4.0,5.0,4.833333333333333,5.0,4.0,5.0,5.0,4.0,5.0,4.666666666666667,5.0,4.0,5.0,5.0,4.0,5.0,4.666666666666667
8315,8315,learned,"The learned rubric is slightly more concise while still covering the key stoichiometry, algebra, and final option selection needed for this question.",7710,7710,5.0,4.0,5.0,5.0,3.0,5.0,4.5,5.0,4.0,5.0,5.0,4.0,5.0,4.666666666666667,5.0,4.0,4.0,5.0,4.0,5.0,4.5
5040,5040,GT,"GT is the most complete and directly aligned with the question, though it is somewhat verbose and slightly redundant.",8685,8685,5.0,4.0,5.0,5.0,3.0,5.0,4.5,5.0,4.0,4.0,5.0,4.0,5.0,4.5,5.0,4.0,4.0,5.0,3.0,5.0,4.333333333333333
628,628,GT,"GT is the most complete and question-specific, with strong coverage of dipole-change criteria, examples, and quantum-mechanical selection rules.",3643,3643,5.0,5.0,5.0,5.0,4.0,5.0,4.833333333333333,5.0,4.0,4.0,4.0,4.0,5.0,4.333333333333333,5.0,4.0,4.0,4.0,4.0,5.0,4.333333333333333
14131,14131,tie,"All three rubrics are highly relevant and useful, with the generated rubrics slightly more specific to the exact derivation while the GT rubric is a bit more verbose and less tightly targeted.",303,303,5.0,4.0,4.0,4.0,4.0,5.0,4.333333333333333,5.0,4.0,4.0,5.0,4.0,5.0,4.5,5.0,4.0,4.0,5.0,4.0,5.0,4.5
3447,3447,GT,"GT is the most accurate and directly aligned with the reference answer, while qwen3_8b_direct is useful but includes some questionable extra claims and learned is empty.",5750,5750,5.0,5.0,5.0,5.0,3.0,5.0,4.666666666666667,1.0,1.0,1.0,1.0,5.0,1.0,1.6666666666666667,4.0,3.0,3.0,4.0,3.0,4.0,3.5
17077,17077,learned,"All three are highly relevant and correct, but the learned rubric is slightly more concise and less redundant while still covering the key identity-operator interpretation.",6917,6917,5.0,5.0,5.0,5.0,3.0,5.0,4.666666666666667,5.0,5.0,5.0,5.0,4.0,5.0,4.833333333333333,5.0,5.0,4.0,5.0,4.0,5.0,4.666666666666667
7127,7127,tie,"GT and learned are both highly relevant and useful, while qwen3_8b_direct is unrelated meta-commentary rather than a grading rubric.",4068,4068,5.0,4.0,5.0,5.0,3.0,5.0,4.5,5.0,4.0,4.0,5.0,4.0,5.0,4.5,1.0,1.0,1.0,1.0,1.0,1.0,1.0
2996,2996,GT,"GT is the most directly aligned and complete rubric, while learned is also strong but slightly less clean, and qwen3_8b_direct is truncated and unusable.",3110,3110,5.0,5.0,5.0,5.0,4.0,5.0,4.833333333333333,5.0,4.0,5.0,5.0,4.0,5.0,4.666666666666667,2.0,2.0,1.0,2.0,3.0,1.0,1.8333333333333333
6587,6587,GT,"GT is the most complete and directly aligned with the question, while the generated rubrics are truncated and less useful for judging responses.",8809,8809,5.0,5.0,4.0,5.0,3.0,5.0,4.5,4.0,4.0,2.0,4.0,4.0,3.0,3.5,4.0,4.0,2.0,4.0,3.0,3.0,3.3333333333333335
8830,8830,GT,"GT is the most complete and question-specific rubric, while the others are useful but slightly less precise and more generic.",1233,1233,5.0,5.0,5.0,5.0,4.0,5.0,4.833333333333333,5.0,4.0,4.0,4.0,3.0,4.0,4.0,5.0,4.0,4.0,4.0,4.0,4.0,4.166666666666667
4104,4104,GT,"GT is the most balanced and directly aligned with the question, while the others are slightly less precise or include extra/overlapping criteria.",1084,1084,5.0,5.0,4.0,5.0,4.0,5.0,4.666666666666667,5.0,4.0,4.0,5.0,4.0,5.0,4.5,5.0,4.0,4.0,5.0,3.0,4.0,4.166666666666667
4357,4357,GT,"GT is fully aligned and concise, while qwen3_8b_direct is also strong but slightly less clean due to the negative-weight criterion and extra verbosity.",3236,3236,5.0,5.0,5.0,5.0,4.0,5.0,4.833333333333333,4.0,4.0,2.0,3.0,4.0,3.0,3.3333333333333335,5.0,4.0,5.0,5.0,4.0,5.0,4.666666666666667
3578,3578,GT,"GT is the most concise and directly aligned with the question, while the others are slightly more redundant and less polished.",414,414,5.0,5.0,4.0,4.0,4.0,5.0,4.5,5.0,4.0,4.0,4.0,3.0,4.0,4.0,5.0,4.0,4.0,4.0,3.0,4.0,4.0
10519,10519,GT,"GT is the most complete and directly aligned with the exact calculation and final ratio, while the others are shorter and less fully specified.",9230,9230,5.0,5.0,5.0,5.0,4.0,5.0,4.833333333333333,5.0,4.0,4.0,5.0,3.0,5.0,4.333333333333333,4.0,4.0,3.0,4.0,4.0,4.0,3.8333333333333335
16163,16163,tie,"All three rubrics are highly relevant and similarly useful, with comparable coverage and only minor differences in wording and redundancy.",6572,6572,5.0,4.0,4.0,4.0,4.0,4.0,4.166666666666667,5.0,4.0,4.0,4.0,4.0,4.0,4.166666666666667,5.0,4.0,4.0,4.0,4.0,4.0,4.166666666666667
7451,7451,GT,"GT is the most accurate and directly aligned with the question, while the generated rubrics add some useful points but include minor inaccuracies and redundancy.",9196,9196,5.0,5.0,5.0,5.0,4.0,5.0,4.833333333333333,5.0,4.0,4.0,4.0,3.0,4.0,4.0,5.0,4.0,4.0,4.0,3.0,4.0,4.0
10259,10259,tie,"All three rubrics are highly relevant and useful, with the learned and qwen rubrics slightly better organized and less redundant than GT.",2176,2176,5.0,4.0,5.0,5.0,3.0,5.0,4.5,5.0,4.0,5.0,5.0,4.0,5.0,4.666666666666667,5.0,4.0,5.0,5.0,4.0,5.0,4.666666666666667
6302,6302,tie,The learned and qwen3_8b_direct rubrics are slightly more complete and actionable than GT while remaining accurate and focused on the question.,1982,1982,5.0,5.0,4.0,4.0,3.0,5.0,4.333333333333333,5.0,5.0,5.0,4.0,4.0,5.0,4.666666666666667,5.0,5.0,5.0,4.0,4.0,5.0,4.666666666666667
4706,4706,tie,"The learned and qwen3_8b_direct rubrics are slightly more concise and targeted than GT, while all three are broadly relevant and useful.",6132,6132,5.0,4.0,4.0,4.0,3.0,4.0,4.0,5.0,4.0,4.0,4.0,4.0,4.0,4.166666666666667,5.0,4.0,4.0,4.0,4.0,4.0,4.166666666666667
10811,10811,learned,The learned rubric is the most concise while still capturing the key dependence on initial conditions and the required conservation laws without much redundancy.,4285,4285,5.0,4.0,4.0,5.0,2.0,4.0,4.0,5.0,4.0,4.0,5.0,4.0,4.0,4.333333333333333,4.0,3.0,3.0,4.0,4.0,3.0,3.5
13288,13288,tie,"All three rubrics are highly relevant and useful; the learned and qwen3_8b_direct rubrics are slightly more concise and targeted, while GT is a bit more redundant.",9439,9439,5.0,4.0,4.0,5.0,3.0,5.0,4.333333333333333,5.0,4.0,4.0,5.0,4.0,5.0,4.5,5.0,4.0,4.0,5.0,4.0,5.0,4.5
16563,16563,GT,"GT is the most question-targeted and practically useful, though it has a minor issue by overemphasizing the phase in a normalization problem.",2243,2243,5.0,4.0,4.0,5.0,3.0,4.0,4.166666666666667,4.0,2.0,2.0,3.0,2.0,2.0,2.5,5.0,2.0,3.0,4.0,3.0,3.0,3.3333333333333335
12980,12980,GT,"GT is the most concise and directly aligned with the question, while the generated rubrics add some useful detail but also include more redundancy and slightly less precision.",5200,5200,5.0,5.0,4.0,5.0,4.0,5.0,4.666666666666667,5.0,4.0,4.0,4.0,3.0,4.0,4.0,5.0,4.0,4.0,4.0,3.0,4.0,4.0
6775,6775,GT,"GT is the most complete and directly aligned with the reference answer, while learned is strong but slightly less precise and qwen3_8b_direct appears truncated and incomplete.",5559,5559,5.0,5.0,5.0,5.0,4.0,5.0,4.833333333333333,5.0,4.0,4.0,5.0,4.0,5.0,4.5,4.0,4.0,2.0,4.0,4.0,3.0,3.5
15817,15817,qwen3_8b_direct,"qwen3_8b_direct is the most complete and question-specific, while the other two are slightly less comprehensive and include some less relevant or redundant criteria.",9053,9053,5.0,4.0,4.0,5.0,4.0,5.0,4.5,5.0,4.0,4.0,5.0,4.0,5.0,4.5,5.0,4.0,5.0,5.0,4.0,5.0,4.666666666666667
15928,15928,GT,"GT is the most directly aligned and useful rubric, while learned is slightly less precise and qwen3_8b_direct is largely off-task.",993,993,5.0,5.0,5.0,5.0,3.0,5.0,4.666666666666667,5.0,4.0,4.0,4.0,4.0,5.0,4.333333333333333,1.0,1.0,1.0,1.0,2.0,1.0,1.1666666666666667
11459,11459,GT,"GT is the most balanced and complete rubric, while the others are slightly more redundant and less precise about the quantum-mechanics framing.",5086,5086,5.0,5.0,5.0,5.0,4.0,5.0,4.833333333333333,5.0,4.0,5.0,5.0,3.0,5.0,4.5,5.0,4.0,4.0,5.0,3.0,4.0,4.166666666666667
16833,16833,GT,"GT is the most directly aligned and useful rubric, while learned is decent but less specific and qwen3_8b_direct is largely a meta-discussion rather than a usable rubric.",9308,9308,5.0,5.0,4.0,5.0,3.0,5.0,4.5,5.0,4.0,4.0,4.0,4.0,5.0,4.333333333333333,1.0,1.0,1.0,1.0,1.0,1.0,1.0
10213,10213,GT,"GT is the most directly aligned with the question and the zero-mean symmetric random-walk result, though it is somewhat redundant.",7017,7017,5.0,4.0,4.0,4.0,3.0,4.0,4.0,4.0,3.0,3.0,4.0,3.0,3.0,3.3333333333333335,4.0,3.0,3.0,4.0,3.0,3.0,3.3333333333333335
1214,1214,GT,"GT is the most complete and directly aligned with the reference answer, though it is somewhat redundant.",5785,5785,5.0,5.0,5.0,5.0,3.0,5.0,4.666666666666667,5.0,5.0,4.0,5.0,4.0,5.0,4.666666666666667,5.0,4.0,4.0,5.0,4.0,5.0,4.5
7030,7030,GT,"GT is the most concise and directly aligned with the question, while the others add some redundancy and slightly less precise wording.",6474,6474,5.0,5.0,4.0,4.0,4.0,5.0,4.5,5.0,4.0,4.0,4.0,3.0,4.0,4.0,5.0,4.0,4.0,4.0,3.0,4.0,4.0
6269,6269,GT,"GT is the most balanced and directly aligned with the question, while learned is also strong but slightly less complete and qwen3_8b_direct is largely a meta-commentary rather than a usable rubric.",6317,6317,5.0,5.0,5.0,5.0,4.0,5.0,4.833333333333333,5.0,4.0,4.0,5.0,4.0,5.0,4.5,2.0,2.0,1.0,2.0,2.0,1.0,1.6666666666666667
65,65,GT,"GT is the most directly aligned and complete for the prompt, while the generated rubrics are strong but slightly more generic and less tightly targeted.",9238,9238,5.0,5.0,5.0,5.0,4.0,5.0,4.833333333333333,5.0,4.0,4.0,4.0,4.0,5.0,4.333333333333333,5.0,4.0,4.0,4.0,4.0,5.0,4.333333333333333
7942,7942,tie,"The learned and qwen3_8b_direct rubrics are equally strong, while GT is slightly more redundant despite being accurate and relevant.",270,270,5.0,4.0,4.0,5.0,2.0,4.0,4.0,5.0,4.0,4.0,5.0,4.0,5.0,4.5,5.0,4.0,4.0,5.0,4.0,5.0,4.5
7595,7595,tie,"All three rubrics are highly relevant and correct, with learned and qwen3_8b_direct slightly more concise and less redundant than GT.",226,226,5.0,5.0,5.0,5.0,3.0,5.0,4.666666666666667,5.0,5.0,5.0,5.0,4.0,5.0,4.833333333333333,5.0,5.0,5.0,5.0,4.0,5.0,4.833333333333333
16196,16196,GT,"GT is the most question-specific and complete, while learned is decent but less detailed and qwen3_8b_direct is largely irrelevant.",9401,9401,5.0,5.0,5.0,5.0,3.0,5.0,4.666666666666667,5.0,4.0,4.0,4.0,4.0,4.0,4.166666666666667,1.0,1.0,1.0,1.0,2.0,1.0,1.1666666666666667
11223,11223,GT,"GT is the most accurate and useful overall, while learned is close but slightly less clean and qwen3_8b_direct is overly restrictive about format.",2525,2525,5.0,5.0,4.0,5.0,3.0,5.0,4.5,5.0,4.0,4.0,5.0,4.0,5.0,4.5,5.0,2.0,2.0,5.0,3.0,2.0,3.1666666666666665
11138,11138,GT,"GT is the most directly aligned and accurate rubric, while learned is somewhat useful but includes extra, less relevant material and qwen3_8b_direct is not a rubric at all.",5910,5910,5.0,5.0,5.0,5.0,4.0,5.0,4.833333333333333,4.0,3.0,4.0,4.0,3.0,4.0,3.6666666666666665,1.0,1.0,1.0,1.0,1.0,1.0,1.0
10374,10374,GT,"GT is the most directly aligned with the question and reference answer, while learned is similarly strong but slightly less concise and qwen3_8b_direct adds some less necessary constraints.",6769,6769,5.0,5.0,5.0,5.0,3.0,5.0,4.666666666666667,5.0,5.0,4.0,5.0,4.0,5.0,4.666666666666667,4.0,4.0,4.0,4.0,4.0,4.0,4.0
4138,4138,tie,"All three rubrics are highly relevant and useful, with similar coverage of the constant-constraint entropy derivation and equilibrium condition.",7931,7931,5.0,4.0,4.0,5.0,3.0,5.0,4.333333333333333,5.0,4.0,4.0,4.0,4.0,5.0,4.333333333333333,5.0,4.0,4.0,4.0,4.0,5.0,4.333333333333333
10061,10061,GT,"GT is the most directly aligned and useful rubric, while the other two are incomplete or malformed relative to the question.",5771,5771,5.0,4.0,5.0,5.0,4.0,5.0,4.666666666666667,2.0,2.0,1.0,1.0,2.0,1.0,1.5,1.0,1.0,1.0,1.0,1.0,1.0,1.0
536,536,tie,"GT and qwen3_8b_direct are both highly relevant and useful, but qwen3_8b_direct is more complete while GT is slightly less redundant; learned is unrelated to the chemistry question.",6615,6615,5.0,4.0,4.0,5.0,3.0,5.0,4.333333333333333,1.0,1.0,1.0,1.0,4.0,1.0,1.5,5.0,4.0,5.0,5.0,2.0,5.0,4.333333333333333
18181,18181,GT,"GT is the most balanced and question-specific, while qwen3_8b_direct is slightly less correct due to a misleading focus on bond types for the Mg/Na ionization-energy comparison.",7796,7796,5.0,3.0,4.0,5.0,4.0,4.0,4.166666666666667,5.0,3.0,4.0,4.0,4.0,4.0,4.0,5.0,2.0,4.0,4.0,3.0,4.0,3.6666666666666665
3963,3963,GT,"GT is the most accurate and directly aligned with the equilibrium-based zero free-energy answer, while the others are slightly less precise or include misleading formula guidance.",5267,5267,5.0,5.0,5.0,5.0,4.0,5.0,4.833333333333333,5.0,4.0,4.0,5.0,4.0,5.0,4.5,4.0,3.0,3.0,4.0,3.0,4.0,3.5
8463,8463,GT,"GT is the most balanced and complete rubric, while the learned rubric is slightly less complete and qwen3_8b_direct is a bit more specific but somewhat less precise.",4525,4525,5.0,5.0,5.0,5.0,4.0,5.0,4.833333333333333,5.0,5.0,4.0,5.0,4.0,5.0,4.666666666666667,5.0,4.0,4.0,5.0,4.0,5.0,4.5
6291,6291,GT,"GT is the most balanced and directly aligned with the question, while the generated rubrics are slightly less correct due to overstatements about decomposition and anyonic/non-Abelian statistics.",4527,4527,5.0,4.0,4.0,4.0,4.0,5.0,4.333333333333333,5.0,3.0,4.0,4.0,4.0,4.0,4.0,5.0,3.0,4.0,4.0,4.0,4.0,4.0
8833,8833,learned,"The learned rubric is the most balanced and complete while remaining concise, with strong question-specific criteria and minimal redundancy.",5626,5626,5.0,4.0,5.0,5.0,3.0,5.0,4.5,5.0,4.0,5.0,5.0,4.0,5.0,4.666666666666667,5.0,4.0,4.0,5.0,4.0,5.0,4.5
4790,4790,qwen3_8b_direct,"qwen3_8b_direct is the most question-specific and complete, with clear criteria for all three parts and the final numerical result.",4961,4961,5.0,3.0,4.0,5.0,3.0,4.0,4.0,5.0,4.0,4.0,4.0,4.0,4.0,4.166666666666667,5.0,4.0,5.0,5.0,4.0,5.0,4.666666666666667
7089,7089,learned,"The learned rubric is the most concise while still capturing the key equivalence, extremal-state requirement, limit order, and examples without much redundancy.",4265,4265,5.0,4.0,4.0,4.0,3.0,4.0,4.0,5.0,4.0,4.0,4.0,4.0,4.0,4.166666666666667,5.0,3.0,4.0,4.0,4.0,4.0,4.0
4756,4756,GT,"GT is the most complete and well-structured rubric, while qwen3_8b_direct is also strong but slightly less polished and the learned rubric is truncated.",6088,6088,5.0,5.0,5.0,5.0,4.0,5.0,4.833333333333333,4.0,4.0,2.0,4.0,4.0,3.0,3.5,5.0,4.0,4.0,5.0,4.0,5.0,4.5
983,983,tie,"GT and learned are similarly strong and well-targeted, while qwen3_8b_direct is more redundant and includes some less essential or slightly overstated criteria.",9076,9076,5.0,5.0,4.0,5.0,4.0,5.0,4.666666666666667,5.0,5.0,4.0,5.0,4.0,5.0,4.666666666666667,4.0,4.0,4.0,4.0,2.0,4.0,3.6666666666666665
1434,1434,qwen3_8b_direct,"All three are relevant, but qwen3_8b_direct is the most complete and concise while still targeting the exact redox/stoichiometry reasoning needed to reach Se oxidation state 0.",6459,6459,5.0,4.0,4.0,5.0,3.0,5.0,4.333333333333333,5.0,4.0,5.0,5.0,3.0,5.0,4.5,5.0,4.0,5.0,5.0,4.0,5.0,4.666666666666667
4178,4178,learned,"The learned rubric is the most usable overall, while GT and qwen3_8b_direct contain major physics/answer mismatches and qwen3_8b_direct is incomplete.",7736,7736,5.0,2.0,2.0,4.0,3.0,2.0,3.0,5.0,2.0,2.0,4.0,4.0,2.0,3.1666666666666665,2.0,1.0,1.0,1.0,1.0,1.0,1.1666666666666667
13337,13337,tie,"The learned and qwen3_8b_direct rubrics are both highly relevant and correct, with the learned rubric slightly more complete while qwen3_8b_direct is more concise.",2565,2565,5.0,5.0,4.0,5.0,3.0,5.0,4.5,5.0,5.0,5.0,5.0,4.0,5.0,4.833333333333333,5.0,5.0,4.0,5.0,5.0,5.0,4.833333333333333
9375,9375,GT,"GT is the most directly aligned and complete, while learned is truncated and qwen3_8b_direct is mostly meta-discussion rather than a usable rubric.",5360,5360,5.0,5.0,5.0,5.0,3.0,5.0,4.666666666666667,4.0,4.0,3.0,4.0,4.0,4.0,3.8333333333333335,2.0,2.0,1.0,1.0,2.0,1.0,1.5
4813,4813,GT,"GT is the most directly aligned and accurate rubric for the asked Landau-theory explanation, while the others add some useful details but also introduce less relevant or less precise criteria.",1122,1122,5.0,5.0,4.0,5.0,4.0,5.0,4.666666666666667,4.0,3.0,4.0,4.0,3.0,4.0,3.6666666666666665,5.0,4.0,4.0,5.0,4.0,5.0,4.5
5908,5908,GT,"GT is the most directly aligned and useful rubric, while the others are more generic and include some awkward or incorrect criteria.",4944,4944,5.0,4.0,4.0,5.0,4.0,5.0,4.5,5.0,3.0,4.0,4.0,2.0,4.0,3.6666666666666665,4.0,3.0,3.0,3.0,3.0,3.0,3.1666666666666665
15150,15150,GT,"GT is the most concise and well-balanced rubric, while the generated rubrics are similarly useful but slightly more redundant and less cleanly phrased.",1556,1556,5.0,5.0,5.0,5.0,4.0,5.0,4.833333333333333,5.0,4.0,5.0,5.0,3.0,5.0,4.5,5.0,4.0,5.0,5.0,3.0,5.0,4.5
14469,14469,GT,"GT is the most question-specific and useful overall, despite some redundancy and a slightly awkward/possibly imprecise formulation of the calculation step.",2407,2407,5.0,4.0,4.0,5.0,3.0,4.0,4.166666666666667,3.0,2.0,2.0,2.0,2.0,2.0,2.1666666666666665,4.0,3.0,3.0,4.0,4.0,4.0,3.6666666666666665
17767,17767,GT,"GT is the only rubric that is clearly aligned with the physics task and the expected numerical result, while the others are incomplete or off-topic.",9779,9779,5.0,5.0,4.0,5.0,3.0,5.0,4.5,2.0,2.0,1.0,1.0,2.0,1.0,1.5,1.0,1.0,1.0,1.0,2.0,1.0,1.1666666666666667
1714,1714,learned,The learned rubric is the most complete and directly useful while remaining accurate and specific to the testcross/genotype inference.,2908,2908,5.0,5.0,4.0,5.0,4.0,5.0,4.666666666666667,5.0,5.0,5.0,5.0,4.0,5.0,4.833333333333333,5.0,4.0,4.0,5.0,4.0,4.0,4.333333333333333
12427,12427,GT,"GT is the most directly aligned and well-structured rubric, while the others are useful but slightly less specific or more redundant.",712,712,5.0,5.0,4.0,5.0,4.0,5.0,4.666666666666667,5.0,4.0,4.0,4.0,4.0,4.0,4.166666666666667,5.0,4.0,4.0,4.0,3.0,4.0,4.0
17417,17417,tie,"All three rubrics are highly relevant and correct; GT and learned are slightly more complete, while qwen3_8b_direct is more concise but still strong.",8118,8118,5.0,5.0,5.0,5.0,4.0,5.0,4.833333333333333,5.0,5.0,5.0,5.0,4.0,5.0,4.833333333333333,5.0,5.0,4.0,5.0,5.0,5.0,4.833333333333333
7311,7311,tie,"GT and learned are equally strong, highly specific, and fully aligned with the correct Boyle’s law solution, while qwen3_8b_direct is slightly more generic and less complete.",1224,1224,5.0,5.0,5.0,5.0,4.0,5.0,4.833333333333333,5.0,5.0,5.0,5.0,4.0,5.0,4.833333333333333,4.0,4.0,4.0,3.0,4.0,4.0,3.8333333333333335
3054,3054,GT,"GT is directly aligned to the three charge answers and includes the key pitfalls, while the generated rubrics are largely meta-discussion rather than usable grading criteria.",6068,6068,5.0,5.0,5.0,5.0,4.0,5.0,4.833333333333333,2.0,2.0,1.0,1.0,2.0,1.0,1.5,2.0,2.0,1.0,1.0,2.0,1.0,1.5
9680,9680,GT,"GT is the most aligned with the question and most complete, while the learned rubric is strong but slightly less specific and qwen3_8b_direct contains some questionable framing.",4632,4632,5.0,5.0,5.0,5.0,3.0,5.0,4.666666666666667,5.0,4.0,4.0,4.0,4.0,5.0,4.333333333333333,4.0,3.0,3.0,4.0,4.0,4.0,3.6666666666666665
9551,9551,tie,"All three rubrics are reasonably relevant and useful, but each has some mismatch or overgeneralization, so none is clearly superior overall.",5164,5164,5.0,3.0,4.0,4.0,3.0,4.0,3.8333333333333335,4.0,4.0,3.0,4.0,4.0,4.0,3.8333333333333335,4.0,3.0,4.0,4.0,4.0,4.0,3.8333333333333335
18215,18215,GT,"GT is the most balanced and directly aligned with the exact derivation and final slope requested, while the others are slightly more redundant or less precise.",3505,3505,5.0,5.0,5.0,5.0,4.0,5.0,4.833333333333333,5.0,4.0,5.0,5.0,3.0,5.0,4.5,5.0,4.0,4.0,5.0,3.0,4.0,4.166666666666667
10551,10551,learned,"The learned rubric is the most complete and directly targeted while remaining clear and useful, though it includes a slightly debatable mitigation criterion.",9579,9579,5.0,5.0,4.0,4.0,3.0,5.0,4.333333333333333,5.0,4.0,5.0,5.0,4.0,5.0,4.666666666666667,5.0,4.0,4.0,5.0,4.0,5.0,4.5
5277,5277,GT,"GT is the most directly aligned and useful, while learned is slightly less precise and qwen3_8b_direct is largely irrelevant meta-commentary.",5202,5202,5.0,5.0,4.0,5.0,3.0,5.0,4.5,5.0,4.0,4.0,4.0,4.0,5.0,4.333333333333333,1.0,1.0,1.0,1.0,1.0,1.0,1.0
2670,2670,learned,"The learned rubric is the most focused and useful while staying accurate, whereas qwen3_8b_direct adds some less relevant and slightly overstated criteria.",6299,6299,5.0,5.0,5.0,5.0,3.0,5.0,4.666666666666667,5.0,5.0,5.0,5.0,4.0,5.0,4.833333333333333,4.0,4.0,3.0,4.0,4.0,4.0,3.8333333333333335
6958,6958,tie,"GT and qwen3_8b_direct are both highly relevant and useful, while learned is largely off-target and not a usable rubric.",6270,6270,5.0,4.0,4.0,5.0,4.0,5.0,4.5,2.0,2.0,1.0,1.0,2.0,1.0,1.5,5.0,4.0,4.0,5.0,4.0,5.0,4.5
16276,16276,GT,"GT is the most complete and directly aligned with the target calculation, while qwen3_8b_direct is also strong but slightly less clean due to redundancy and a negative criterion.",5479,5479,5.0,5.0,5.0,5.0,4.0,5.0,4.833333333333333,4.0,4.0,3.0,4.0,2.0,3.0,3.3333333333333335,5.0,4.0,4.0,5.0,3.0,4.0,4.166666666666667
12985,12985,GT,"GT is the most accurate and well-targeted rubric, with strong coverage of Hilbert spaces, operator domains, and rigged Hilbert spaces without major factual issues.",392,392,5.0,5.0,5.0,5.0,4.0,5.0,4.833333333333333,5.0,4.0,4.0,4.0,3.0,4.0,4.0,5.0,3.0,4.0,4.0,3.0,4.0,3.8333333333333335
10821,10821,GT,"GT and learned are similarly strong, but GT is slightly more directly aligned to the exact partition-function phrasing in the question.",3235,3235,4.0,4.0,4.0,4.0,3.0,4.0,3.8333333333333335,4.0,4.0,4.0,4.0,3.0,4.0,3.8333333333333335,4.0,4.0,3.0,3.0,4.0,4.0,3.6666666666666665
5971,5971,GT,GT is the most complete and directly aligned with the exact calculation steps and common pitfalls for this freezing-point-depression problem.,1794,1794,5.0,5.0,5.0,5.0,4.0,5.0,4.833333333333333,5.0,4.0,4.0,4.0,4.0,5.0,4.333333333333333,4.0,4.0,2.0,3.0,4.0,3.0,3.3333333333333335
18166,18166,learned,"The learned rubric is the most concise while still covering the key formula, approximation, unit conversion, and numerical target without much redundancy.",4731,4731,5.0,5.0,5.0,5.0,3.0,5.0,4.666666666666667,5.0,5.0,5.0,5.0,4.0,5.0,4.833333333333333,4.0,3.0,4.0,4.0,2.0,4.0,3.5
14128,14128,tie,"The learned and qwen3_8b_direct rubrics are similarly more complete and useful than GT, though all three overstate the uncertainty-principle claim that zero momentum is impossible.",2329,2329,5.0,3.0,3.0,4.0,3.0,3.0,3.5,5.0,3.0,4.0,4.0,3.0,4.0,3.8333333333333335,5.0,3.0,4.0,4.0,3.0,4.0,3.8333333333333335
17421,17421,GT,"GT is the most directly aligned and useful, while learned is slightly less correct due to the unit/kinetics issues and qwen3_8b_direct is incomplete and largely meta-discursive.",7964,7964,5.0,4.0,4.0,5.0,3.0,5.0,4.333333333333333,5.0,3.0,4.0,5.0,3.0,4.0,4.0,2.0,1.0,1.0,2.0,1.0,1.0,1.3333333333333333
9505,9505,tie,"GT and learned are equally complete and useful, while qwen3_8b_direct is slightly more concise but a bit less explicit about the full calculation chain.",9311,9311,5.0,5.0,5.0,5.0,4.0,5.0,4.833333333333333,5.0,5.0,5.0,5.0,4.0,5.0,4.833333333333333,5.0,5.0,4.0,5.0,5.0,5.0,4.833333333333333
16104,16104,learned,"The learned rubric is the most complete and useful while remaining specific to the electrolysis calculation, whereas qwen3_8b_direct is not a rubric at all.",5614,5614,5.0,4.0,4.0,5.0,4.0,5.0,4.5,5.0,4.0,5.0,5.0,4.0,5.0,4.666666666666667,1.0,1.0,1.0,1.0,1.0,1.0,1.0
9399,9399,qwen3_8b_direct,"qwen3_8b_direct is the most complete and useful overall, though it has some redundancy and a few overly broad negative criteria.",6541,6541,5.0,5.0,4.0,4.0,4.0,5.0,4.5,5.0,4.0,4.0,4.0,3.0,4.0,4.0,5.0,4.0,5.0,4.0,3.0,5.0,4.333333333333333
17464,17464,GT,"GT is the most directly aligned and useful rubric, while qwen3_8b_direct is strong but slightly more redundant and less complete.",4231,4231,5.0,4.0,5.0,5.0,4.0,5.0,4.666666666666667,2.0,2.0,1.0,1.0,2.0,1.0,1.5,5.0,4.0,4.0,5.0,3.0,4.0,4.166666666666667
5306,5306,GT,"GT is the most accurate and question-specific rubric, while learned is slightly less precise and qwen3_8b_direct is more generic and less well-formed.",2017,2017,5.0,5.0,5.0,5.0,4.0,5.0,4.833333333333333,5.0,4.0,4.0,4.0,4.0,5.0,4.333333333333333,4.0,3.0,3.0,3.0,3.0,3.0,3.1666666666666665
9727,9727,learned,The learned rubric is the most useful and complete while remaining fairly concise; qwen3_8b_direct is irrelevant meta-commentary rather than a rubric.,4296,4296,5.0,4.0,4.0,5.0,3.0,5.0,4.333333333333333,5.0,4.0,4.0,5.0,4.0,5.0,4.5,1.0,1.0,1.0,1.0,1.0,1.0,1.0
10706,10706,GT,"GT is the most accurate and useful overall, while qwen3_8b_direct is relevant but slightly redundant and less polished.",8232,8232,5.0,5.0,5.0,5.0,4.0,5.0,4.833333333333333,2.0,2.0,2.0,1.0,1.0,1.0,1.5,5.0,4.0,4.0,5.0,3.0,4.0,4.166666666666667
16966,16966,GT,"GT is the most complete and directly aligned with the exact calculation path and final option, while the others are either less specific or incomplete.",9793,9793,5.0,5.0,5.0,5.0,4.0,5.0,4.833333333333333,4.0,4.0,4.0,4.0,4.0,4.0,4.0,3.0,3.0,2.0,3.0,4.0,3.0,3.0
17509,17509,learned,"The learned rubric is the most question-specific and operational, though it still contains some technical imprecision about BCS pair states.",8766,8766,5.0,4.0,4.0,4.0,3.0,4.0,4.0,5.0,3.0,4.0,5.0,4.0,4.0,4.166666666666667,5.0,3.0,3.0,4.0,4.0,3.0,3.6666666666666665
11058,11058,learned,The learned rubric is the most complete and directly useful while remaining specific and mostly non-redundant.,4,4,5.0,5.0,4.0,4.0,3.0,5.0,4.333333333333333,5.0,4.0,5.0,5.0,4.0,5.0,4.666666666666667,5.0,4.0,4.0,5.0,4.0,5.0,4.5
3388,3388,tie,"GT and qwen3_8b_direct are similarly strong and well-targeted, while learned is slightly more redundant and less concise.",9325,9325,5.0,4.0,4.0,5.0,3.0,5.0,4.333333333333333,5.0,4.0,4.0,5.0,2.0,4.0,4.0,5.0,4.0,4.0,5.0,3.0,5.0,4.333333333333333
11183,11183,learned,"The learned rubric is the most concise while still capturing the key formula, lattice coordination number, constants, and unit conversion needed to judge answers accurately.",1640,1640,5.0,4.0,4.0,5.0,3.0,5.0,4.333333333333333,5.0,4.0,4.0,5.0,4.0,5.0,4.5,1.0,1.0,1.0,1.0,1.0,1.0,1.0
6281,6281,GT,"GT and learned are both fairly useful, but GT is slightly more directly aligned with the exact answer and force-balance reasoning, while qwen3_8b_direct is more generic and partly mismatched.",7715,7715,5.0,4.0,4.0,4.0,2.0,4.0,3.8333333333333335,5.0,4.0,3.0,4.0,3.0,4.0,3.8333333333333335,4.0,3.0,2.0,3.0,3.0,3.0,3.0
2887,2887,tie,"GT and learned are equally strong and fully aligned with the reference answer, while qwen3_8b_direct is slightly less precise and complete.",4988,4988,5.0,5.0,5.0,5.0,4.0,5.0,4.833333333333333,5.0,5.0,5.0,5.0,4.0,5.0,4.833333333333333,5.0,4.0,4.0,4.0,4.0,4.0,4.166666666666667
5169,5169,tie,"All three rubrics are highly relevant and specific, with similar coverage of the eigenvalues and radical-pair context, though each is slightly verbose and not perfectly complete.",6081,6081,5.0,4.0,4.0,5.0,4.0,5.0,4.5,5.0,4.0,4.0,5.0,4.0,5.0,4.5,5.0,4.0,4.0,5.0,4.0,5.0,4.5
14582,14582,GT,"GT is the most directly aligned with the question and reference answer, though the learned rubrics are also strong and slightly more detailed in places.",9423,9423,5.0,5.0,4.0,5.0,3.0,5.0,4.5,5.0,4.0,4.0,4.0,4.0,5.0,4.333333333333333,5.0,4.0,4.0,4.0,4.0,5.0,4.333333333333333
7398,7398,GT,"GT is the most concise and directly aligned with the required calculation steps and final answer, while the others add some redundancy and minor issues.",1970,1970,5.0,5.0,5.0,5.0,4.0,5.0,4.833333333333333,5.0,4.0,5.0,5.0,4.0,5.0,4.666666666666667,5.0,4.0,5.0,5.0,4.0,5.0,4.666666666666667
16901,16901,learned,"All three are relevant, but the learned rubric is slightly cleaner and more directly aligned with the key grading target without as much redundancy or questionable extra emphasis.",4787,4787,5.0,5.0,4.0,4.0,2.0,4.0,4.0,5.0,4.0,4.0,4.0,3.0,4.0,4.0,5.0,4.0,4.0,4.0,3.0,4.0,4.0
2959,2959,GT,"GT is the most question-aligned and useful, while the generated rubrics are largely meta-commentary rather than actual grading criteria.",5329,5329,5.0,4.0,4.0,5.0,3.0,5.0,4.333333333333333,2.0,2.0,2.0,1.0,2.0,2.0,1.8333333333333333,2.0,2.0,2.0,1.0,2.0,2.0,1.8333333333333333
4926,4926,GT,"GT is the most complete and question-specific, though it is somewhat verbose and slightly redundant.",2142,2142,5.0,4.0,5.0,5.0,3.0,5.0,4.5,5.0,4.0,4.0,4.0,4.0,5.0,4.333333333333333,5.0,4.0,4.0,4.0,4.0,5.0,4.333333333333333
7583,7583,GT,"GT is the most accurate and well-targeted rubric, while learned is slightly more redundant and qwen3_8b_direct adds some less relevant or questionable criteria.",953,953,5.0,5.0,5.0,5.0,4.0,5.0,4.833333333333333,5.0,4.0,5.0,5.0,3.0,5.0,4.5,4.0,3.0,4.0,4.0,3.0,4.0,3.6666666666666665
2695,2695,GT,"GT is the most complete and well-targeted rubric, with strong coverage of theory, conditions, examples, and conceptual implications despite one minor irrelevant pitfall criterion.",972,972,5.0,4.0,5.0,5.0,4.0,5.0,4.666666666666667,5.0,4.0,4.0,5.0,4.0,5.0,4.5,5.0,4.0,4.0,5.0,4.0,5.0,4.5
17771,17771,learned,The learned rubric is the most concise while still capturing the exact target expression and key error modes without much redundancy.,7244,7244,5.0,5.0,5.0,5.0,2.0,5.0,4.5,5.0,5.0,4.0,5.0,4.0,5.0,4.666666666666667,5.0,4.0,4.0,5.0,4.0,5.0,4.5
7112,7112,tie,"The learned and qwen3_8b_direct rubrics are both highly relevant, specific, and useful, while GT contains an incorrect irrelevant criterion about friction/air resistance and is more redundant.",3910,3910,4.0,2.0,3.0,4.0,2.0,3.0,3.0,5.0,4.0,4.0,5.0,4.0,5.0,4.5,5.0,4.0,4.0,5.0,4.0,5.0,4.5
16929,16929,GT,"GT is the most complete and directly aligned with the exact eigenvalue/eigenvector derivations, while the generated rubrics are truncated and less comprehensive.",15,15,5.0,5.0,5.0,5.0,4.0,5.0,4.833333333333333,4.0,3.0,2.0,3.0,4.0,3.0,3.1666666666666665,4.0,4.0,2.0,4.0,4.0,3.0,3.5
16955,16955,GT,"GT is the only rubric that stays focused on the target answer and the needed relativistic reasoning, while the generated rubrics are largely confused and incomplete.",2259,2259,5.0,4.0,4.0,5.0,4.0,5.0,4.5,2.0,1.0,1.0,2.0,2.0,1.0,1.5,2.0,1.0,1.0,2.0,2.0,1.0,1.5
9832,9832,GT,"GT and learned are both highly relevant and correct, but GT is slightly cleaner and more directly aligned with the stated derivation target.",4013,4013,5.0,5.0,4.0,5.0,4.0,5.0,4.666666666666667,5.0,5.0,4.0,5.0,4.0,5.0,4.666666666666667,4.0,4.0,2.0,4.0,4.0,3.0,3.5
275,275,GT,"GT is the most balanced and precise rubric, while learned is slightly redundant and qwen3_8b_direct is a bit less complete.",494,494,5.0,5.0,5.0,5.0,4.0,5.0,4.833333333333333,5.0,4.0,5.0,5.0,3.0,5.0,4.5,5.0,5.0,4.0,5.0,4.0,5.0,4.666666666666667
11383,11383,GT,"GT is the most question-specific and useful, though all three rubrics are broadly relevant and mostly correct.",2964,2964,5.0,4.0,4.0,5.0,3.0,5.0,4.333333333333333,5.0,4.0,4.0,4.0,4.0,4.0,4.166666666666667,5.0,4.0,4.0,4.0,3.0,4.0,4.0
10110,10110,tie,"GT and learned are both highly relevant and complete, while qwen3_8b_direct is slightly more concise but a bit less complete.",1284,1284,5.0,5.0,5.0,5.0,3.0,5.0,4.666666666666667,5.0,5.0,5.0,5.0,4.0,5.0,4.833333333333333,5.0,5.0,4.0,5.0,5.0,5.0,4.833333333333333
12631,12631,learned,"The learned rubric is the most balanced and useful, while GT is slightly more redundant and qwen3_8b_direct appears truncated and less complete.",5618,5618,5.0,4.0,4.0,4.0,3.0,4.0,4.0,5.0,4.0,4.0,4.0,4.0,4.0,4.166666666666667,4.0,3.0,3.0,3.0,4.0,3.0,3.3333333333333335
2198,2198,GT,"GT is the most directly aligned and complete rubric for the exact equilibrium-constant calculation, while the learned rubric is slightly less precise and qwen3_8b_direct is incomplete.",1909,1909,5.0,5.0,5.0,5.0,4.0,5.0,4.833333333333333,5.0,4.0,4.0,4.0,4.0,5.0,4.333333333333333,4.0,3.0,2.0,3.0,4.0,3.0,3.1666666666666665
1418,1418,GT,"GT is the most balanced and accurate rubric, while learned is slightly less complete and qwen3_8b_direct contains a more questionable claim that decoherence eliminates superposition.",6443,6443,5.0,4.0,5.0,5.0,4.0,5.0,4.666666666666667,5.0,4.0,4.0,5.0,4.0,5.0,4.5,5.0,3.0,4.0,5.0,4.0,4.0,4.166666666666667
17159,17159,GT,"GT is the most concise and directly aligned with the question, while qwen3_8b_direct is also strong but somewhat more redundant and the learned rubric is largely generic and misfocused.",8211,8211,5.0,4.0,4.0,5.0,4.0,5.0,4.5,2.0,2.0,2.0,1.0,2.0,2.0,1.8333333333333333,5.0,4.0,4.0,5.0,3.0,5.0,4.333333333333333
9175,9175,GT,"GT is the most accurate and concise rubric, while the generated rubrics include a key physics error about zero-point energy and absolute zero and some redundancy.",572,572,5.0,5.0,5.0,5.0,4.0,5.0,4.833333333333333,4.0,2.0,3.0,4.0,2.0,3.0,3.0,4.0,2.0,3.0,4.0,2.0,3.0,3.0
2460,2460,learned,The learned rubric is the most complete and directly aligned with the spectral evidence while remaining concise and actionable.,4518,4518,5.0,4.0,4.0,5.0,3.0,5.0,4.333333333333333,5.0,5.0,5.0,5.0,4.0,5.0,4.833333333333333,5.0,4.0,4.0,5.0,4.0,5.0,4.5
9873,9873,learned,"The learned rubric is the most complete and actionable, while the GT rubric is slightly less explicit and qwen3_8b_direct is somewhat redundant.",7835,7835,5.0,4.0,4.0,5.0,4.0,5.0,4.5,5.0,4.0,5.0,5.0,4.0,5.0,4.666666666666667,5.0,4.0,4.0,5.0,3.0,5.0,4.333333333333333
12371,12371,learned,"The learned rubric is the most complete and useful overall, with strong coverage of definitions, distinctions, examples, and stability relationships.",9145,9145,5.0,5.0,4.0,5.0,4.0,5.0,4.666666666666667,5.0,4.0,5.0,5.0,3.0,5.0,4.5,5.0,4.0,4.0,5.0,3.0,5.0,4.333333333333333
8292,8292,GT,"GT is the most balanced and accurate rubric, with strong coverage of the calculation, crossing-over effect, and common pitfalls without unnecessary complexity.",5776,5776,5.0,5.0,5.0,5.0,4.0,5.0,4.833333333333333,5.0,4.0,5.0,5.0,3.0,5.0,4.5,5.0,4.0,4.0,5.0,4.0,5.0,4.5
9555,9555,tie,"All three rubrics are highly relevant and correct, with similar coverage of the key Chern-number range and symmetry interpretation, differing only slightly in wording and redundancy.",2547,2547,5.0,5.0,4.0,5.0,4.0,5.0,4.666666666666667,5.0,5.0,4.0,5.0,4.0,5.0,4.666666666666667,5.0,5.0,4.0,5.0,4.0,5.0,4.666666666666667
7261,7261,GT,"GT is the most concise and directly aligned with the exact chemistry target, while learned is strong but somewhat bloated and qwen3_8b_direct is overly generic and repetitive.",2155,2155,5.0,5.0,4.0,5.0,4.0,5.0,4.666666666666667,5.0,4.0,5.0,5.0,3.0,5.0,4.5,4.0,3.0,3.0,3.0,2.0,3.0,3.0
2374,2374,GT,"GT and learned are similarly strong, but GT is slightly clearer and more directly aligned with the reference pathways than qwen3_8b_direct.",5381,5381,5.0,4.0,4.0,4.0,3.0,4.0,4.0,5.0,4.0,4.0,4.0,3.0,4.0,4.0,4.0,3.0,3.0,4.0,3.0,3.0,3.3333333333333335
5979,5979,GT,"GT is the most balanced and directly aligned with the question, while qwen3_8b_direct is also strong but slightly less complete.",6168,6168,5.0,5.0,5.0,5.0,4.0,5.0,4.833333333333333,2.0,2.0,2.0,2.0,2.0,2.0,2.0,5.0,5.0,4.0,5.0,4.0,5.0,4.666666666666667
1207,1207,qwen3_8b_direct,"qwen3_8b_direct is the most targeted and complete rubric for the commutator-based derivation and Doi-Peliti context, while GT is slightly redundant and learned is generic and less aligned.",1329,1329,5.0,4.0,4.0,5.0,3.0,4.0,4.166666666666667,2.0,2.0,2.0,2.0,2.0,2.0,2.0,5.0,5.0,5.0,5.0,4.0,5.0,4.833333333333333
217,217,qwen3_8b_direct,"qwen3_8b_direct is the most question-specific and actionable, while GT is solid but less complete and learned is truncated and unusable.",2645,2645,4.0,4.0,3.0,4.0,4.0,4.0,3.8333333333333335,2.0,2.0,1.0,1.0,2.0,1.0,1.5,5.0,4.0,4.0,5.0,4.0,5.0,4.5
16119,16119,GT,"GT is the most concise and directly aligned with the exact titration calculation, while the others are similarly relevant but slightly more redundant and less tightly framed.",6651,6651,5.0,5.0,5.0,5.0,4.0,5.0,4.833333333333333,5.0,4.0,4.0,5.0,3.0,5.0,4.333333333333333,5.0,4.0,4.0,5.0,3.0,5.0,4.333333333333333
4633,4633,GT,"GT is the most balanced and concise while still covering the key symmetry, quantization, Bloch-state, and energy-classification requirements without much redundancy.",5834,5834,5.0,5.0,5.0,5.0,4.0,5.0,4.833333333333333,5.0,4.0,4.0,4.0,3.0,4.0,4.0,5.0,4.0,5.0,5.0,3.0,5.0,4.5
7418,7418,qwen3_8b_direct,"qwen3_8b_direct is the most question-specific and complete, though slightly verbose and overlapping.",1609,1609,5.0,4.0,4.0,4.0,3.0,4.0,4.0,5.0,4.0,4.0,4.0,4.0,4.0,4.166666666666667,5.0,4.0,5.0,5.0,3.0,5.0,4.5
89,89,GT,"GT is the most complete and directly aligned with the requested derivation and slope interpretation, though it is somewhat redundant.",7312,7312,5.0,5.0,5.0,5.0,3.0,5.0,4.666666666666667,5.0,4.0,4.0,5.0,4.0,5.0,4.5,5.0,4.0,4.0,5.0,4.0,4.0,4.333333333333333
4763,4763,tie,"GT and learned are both highly relevant and useful with only minor redundancy, while qwen3_8b_direct is largely a meta-discussion rather than a usable rubric.",5715,5715,5.0,5.0,5.0,5.0,4.0,5.0,4.833333333333333,5.0,5.0,5.0,5.0,4.0,5.0,4.833333333333333,2.0,2.0,1.0,2.0,2.0,1.0,1.6666666666666667
3669,3669,GT,"GT and learned are both highly relevant and useful, while qwen3_8b_direct is mostly meta-discussion rather than a rubric for this problem.",5853,5853,5.0,4.0,5.0,5.0,4.0,5.0,4.666666666666667,5.0,4.0,5.0,5.0,4.0,5.0,4.666666666666667,2.0,2.0,1.0,1.0,2.0,1.0,1.5
18148,18148,GT,"GT is the most accurate and useful overall, while the generated rubrics contain a key incorrect isomer count for the third compound.",8956,8956,5.0,4.0,4.0,5.0,4.0,5.0,4.5,5.0,2.0,4.0,5.0,3.0,3.0,3.6666666666666665,5.0,2.0,4.0,5.0,4.0,3.0,3.8333333333333335
8405,8405,learned,All three rubrics are poorly aligned with the question because they incorrectly center the answer on S ≥ 0 rather than a real derivation of entropy increase and the second law.,9911,9911,2.0,2.0,1.0,3.0,4.0,2.0,2.3333333333333335,2.0,2.0,1.0,3.0,3.0,2.0,2.1666666666666665,2.0,2.0,1.0,3.0,3.0,2.0,2.1666666666666665
10060,10060,GT,"GT is directly aligned with the question and captures the key physics and formulas, while the other two are unrelated meta-discussions rather than actual grading rubrics.",8933,8933,5.0,5.0,5.0,5.0,4.0,5.0,4.833333333333333,1.0,1.0,1.0,1.0,1.0,1.0,1.0,1.0,1.0,1.0,1.0,1.0,1.0,1.0
14770,14770,tie,"GT and learned are equally complete and useful, while qwen3_8b_direct is concise but slightly less complete.",9281,9281,5.0,5.0,5.0,5.0,3.0,5.0,4.666666666666667,5.0,4.0,5.0,5.0,4.0,5.0,4.666666666666667,5.0,4.0,4.0,5.0,5.0,4.0,4.5
18054,18054,tie,"GT and learned are equally strong and highly aligned with the question, while qwen3_8b_direct is slightly less specific and complete.",1228,1228,5.0,4.0,5.0,5.0,4.0,5.0,4.666666666666667,5.0,4.0,5.0,5.0,4.0,5.0,4.666666666666667,5.0,4.0,4.0,4.0,4.0,4.0,4.166666666666667
15559,15559,GT,"GT is the most directly aligned with the question and reference answer, though it is somewhat redundant; the other two are also strong but add a bit more extraneous detail.",9139,9139,5.0,5.0,5.0,5.0,3.0,5.0,4.666666666666667,5.0,4.0,4.0,4.0,4.0,5.0,4.333333333333333,5.0,4.0,4.0,4.0,4.0,5.0,4.333333333333333
16941,16941,tie,"GT and learned are both highly relevant and complete, while qwen3_8b_direct is slightly weaker due to an incorrect negative criterion about mentioning crossing over.",8610,8610,5.0,5.0,5.0,5.0,3.0,5.0,4.666666666666667,5.0,4.0,5.0,5.0,4.0,5.0,4.666666666666667,5.0,3.0,4.0,5.0,4.0,4.0,4.166666666666667
12121,12121,qwen3_8b_direct,"qwen3_8b_direct is the most concise and targeted to the zero-temperature Fermi-gas derivation, while GT is slightly broader and the learned rubric is unrelated.",4809,4809,5.0,5.0,4.0,5.0,4.0,5.0,4.666666666666667,1.0,1.0,1.0,1.0,2.0,1.0,1.1666666666666667,5.0,5.0,4.0,5.0,5.0,5.0,4.833333333333333
2462,2462,GT,"GT is the most complete and directly aligned with the single-correct-answer task, despite some redundancy.",2208,2208,5.0,5.0,4.0,5.0,3.0,5.0,4.5,5.0,4.0,4.0,5.0,4.0,4.0,4.333333333333333,5.0,4.0,3.0,5.0,4.0,4.0,4.166666666666667
11966,11966,GT,"GT is the most complete and directly aligned with the question, though it is slightly more redundant than the others.",7285,7285,5.0,5.0,5.0,5.0,3.0,5.0,4.666666666666667,5.0,4.0,4.0,5.0,3.0,5.0,4.333333333333333,5.0,4.0,4.0,5.0,4.0,5.0,4.5
16779,16779,tie,"GT and learned are equally strong, highly specific, and complete for this simple Dalton’s law subtraction problem, while qwen3_8b_direct is slightly more redundant and less useful due to extra negative criteria.",5851,5851,5.0,5.0,5.0,5.0,4.0,5.0,4.833333333333333,5.0,5.0,5.0,5.0,4.0,5.0,4.833333333333333,5.0,4.0,4.0,5.0,3.0,4.0,4.166666666666667
8997,8997,GT,"GT is the most concise and directly aligned with the exact derivation and correct option, while the others are similarly strong but slightly more redundant and less cleanly phrased.",571,571,5.0,5.0,5.0,5.0,4.0,5.0,4.833333333333333,5.0,4.0,5.0,5.0,4.0,5.0,4.666666666666667,5.0,4.0,5.0,5.0,4.0,5.0,4.666666666666667
15368,15368,learned,"The learned rubric is the most balanced and useful, with correct, question-specific criteria covering the key calculation steps and final rate ratio.",5942,5942,5.0,2.0,4.0,5.0,3.0,4.0,3.8333333333333335,5.0,4.0,4.0,5.0,4.0,5.0,4.5,5.0,4.0,3.0,4.0,5.0,4.0,4.166666666666667
740,740,GT,"GT is the most concise and directly aligned with the exact solution, while the others are similarly strong but slightly more verbose and less cleanly phrased.",936,936,5.0,5.0,5.0,5.0,4.0,5.0,4.833333333333333,5.0,4.0,5.0,5.0,4.0,5.0,4.666666666666667,5.0,4.0,5.0,5.0,4.0,5.0,4.666666666666667
3708,3708,GT,"GT is the most balanced and question-specific rubric, with strong coverage of atomic identity, electron count, and bonding without unnecessary extras.",302,302,5.0,5.0,4.0,5.0,4.0,5.0,4.666666666666667,5.0,4.0,4.0,4.0,3.0,4.0,4.0,5.0,4.0,4.0,4.0,4.0,4.0,4.166666666666667
14209,14209,tie,"All three rubrics are highly relevant and specific; the learned and qwen3_8b_direct rubrics are slightly more concise and less redundant than GT, so they tie for best.",212,212,5.0,4.0,4.0,5.0,3.0,5.0,4.333333333333333,5.0,4.0,4.0,5.0,4.0,5.0,4.5,5.0,4.0,4.0,5.0,4.0,5.0,4.5
8815,8815,tie,"All three rubrics are highly relevant and correct, with learned and qwen3_8b_direct slightly more concise and less redundant than GT.",1635,1635,5.0,5.0,5.0,5.0,3.0,5.0,4.666666666666667,5.0,5.0,5.0,5.0,4.0,5.0,4.833333333333333,5.0,5.0,5.0,5.0,4.0,5.0,4.833333333333333
7428,7428,tie,"GT and learned are equally strong overall, while qwen3_8b_direct is slightly more redundant despite being accurate and useful.",2583,2583,5.0,5.0,5.0,5.0,3.0,5.0,4.666666666666667,5.0,5.0,4.0,5.0,4.0,5.0,4.666666666666667,5.0,5.0,4.0,5.0,3.0,5.0,4.5
4656,4656,GT,"GT is the most balanced and directly aligned with the exact proportionality calculation and final numeric answer, while the others add minor inaccuracies or less relevant assumptions.",1774,1774,5.0,5.0,5.0,5.0,4.0,5.0,4.833333333333333,5.0,4.0,5.0,5.0,4.0,5.0,4.666666666666667,5.0,4.0,4.0,5.0,4.0,4.0,4.333333333333333
17036,17036,GT,"GT and learned are both highly aligned and complete, while qwen3_8b_direct is more generic and less fully specified for this exact calculation.",5865,5865,5.0,4.0,5.0,5.0,4.0,5.0,4.666666666666667,5.0,4.0,5.0,5.0,4.0,5.0,4.666666666666667,4.0,3.0,3.0,4.0,4.0,4.0,3.6666666666666665
7018,7018,GT,"GT is the most concise and well-targeted, while the others add some redundancy and negative-weight clutter without improving coverage much.",5957,5957,5.0,4.0,4.0,5.0,4.0,5.0,4.5,5.0,4.0,4.0,5.0,3.0,5.0,4.333333333333333,5.0,4.0,4.0,5.0,3.0,5.0,4.333333333333333
364,364,GT,"GT is the most aligned with the question and reference answer, while the other rubrics introduce several unsupported or mismatched criteria.",5161,5161,5.0,4.0,4.0,5.0,3.0,5.0,4.333333333333333,2.0,1.0,1.0,1.0,2.0,1.0,1.3333333333333333,3.0,2.0,2.0,3.0,3.0,2.0,2.5
9318,9318,qwen3_8b_direct,"qwen3_8b_direct is the most focused and accurate rubric for the actual calculation, while GT is slightly bloated and learned is largely off-target.",3288,3288,5.0,4.0,4.0,5.0,3.0,4.0,4.166666666666667,2.0,2.0,1.0,1.0,1.0,1.0,1.3333333333333333,5.0,5.0,4.0,5.0,5.0,5.0,4.833333333333333
5598,5598,GT,"GT is the most directly aligned and complete, while learned is decent but slightly redundant and less precise; qwen3_8b_direct is not a rubric at all.",588,588,5.0,5.0,5.0,5.0,4.0,5.0,4.833333333333333,5.0,4.0,4.0,4.0,3.0,4.0,4.0,1.0,1.0,1.0,1.0,1.0,1.0,1.0
15054,15054,tie,"GT and learned are equally strong and highly aligned with the question, while qwen3_8b_direct is slightly less specific and complete.",1428,1428,5.0,5.0,5.0,5.0,4.0,5.0,4.833333333333333,5.0,5.0,5.0,5.0,4.0,5.0,4.833333333333333,5.0,5.0,4.0,4.0,5.0,5.0,4.666666666666667
15994,15994,GT,"GT is the most accurate and well-targeted rubric, while the others add some useful detail but include minor inaccuracies or extra redundancy.",3345,3345,5.0,5.0,5.0,5.0,4.0,5.0,4.833333333333333,5.0,4.0,4.0,5.0,3.0,5.0,4.333333333333333,5.0,4.0,4.0,4.0,3.0,4.0,4.0
6970,6970,GT,"GT is the most complete and directly aligned with the question, while the generated rubrics are useful but slightly less nuanced and more redundant or less precise.",3956,3956,5.0,5.0,5.0,5.0,4.0,5.0,4.833333333333333,5.0,4.0,4.0,4.0,3.0,4.0,4.0,5.0,4.0,4.0,4.0,4.0,4.0,4.166666666666667
15370,15370,tie,"GT and learned are equally strong and highly aligned with the question, while qwen3_8b_direct is also good but slightly more redundant and less cleanly phrased.",7054,7054,5.0,5.0,5.0,5.0,4.0,5.0,4.833333333333333,5.0,5.0,5.0,5.0,4.0,5.0,4.833333333333333,5.0,4.0,5.0,5.0,3.0,5.0,4.5
16652,16652,learned,"The learned rubric is the most focused and useful overall, while qwen3_8b_direct includes an unsupported assumption that the biohazard is acidic.",1825,1825,5.0,4.0,4.0,5.0,3.0,4.0,4.166666666666667,5.0,4.0,4.0,5.0,4.0,4.0,4.333333333333333,4.0,2.0,3.0,4.0,4.0,3.0,3.3333333333333335
13510,13510,tie,"GT and learned are equally strong and highly aligned with the question, while qwen3_8b_direct is also strong but slightly less clean due to weight formatting and a minor correctness concern in the rotation wording.",8464,8464,5.0,5.0,5.0,5.0,4.0,5.0,4.833333333333333,5.0,5.0,5.0,5.0,4.0,5.0,4.833333333333333,5.0,4.0,5.0,5.0,4.0,5.0,4.666666666666667
13803,13803,qwen3_8b_direct,"qwen3_8b_direct is the most question-specific, complete, and non-redundant while correctly enforcing the no-equations constraint.",6983,6983,5.0,4.0,5.0,5.0,3.0,5.0,4.5,2.0,2.0,2.0,2.0,2.0,2.0,2.0,5.0,5.0,5.0,5.0,5.0,5.0,5.0
1034,1034,tie,"GT and learned are both highly relevant, correct, and complete for the selective precipitation calculation, while qwen3_8b_direct is truncated and slightly less complete.",6810,6810,5.0,5.0,5.0,5.0,4.0,5.0,4.833333333333333,5.0,5.0,5.0,5.0,4.0,5.0,4.833333333333333,4.0,4.0,3.0,4.0,4.0,4.0,3.8333333333333335
8602,8602,tie,"GT and learned are equally strong and fully aligned with the question, while qwen3_8b_direct is slightly less complete due to a minor formula/angle inconsistency.",2891,2891,5.0,5.0,5.0,5.0,4.0,5.0,4.833333333333333,5.0,5.0,5.0,5.0,4.0,5.0,4.833333333333333,5.0,4.0,4.0,5.0,4.0,5.0,4.5
13555,13555,learned,"The learned rubric is the most complete and directly targeted, while qwen3_8b_direct includes a likely incorrect/overconfident resistance model and the GT rubric is slightly less explicit about the needed formulas.",3935,3935,5.0,4.0,4.0,5.0,4.0,5.0,4.5,5.0,4.0,5.0,5.0,3.0,5.0,4.5,5.0,3.0,4.0,5.0,4.0,4.0,4.166666666666667
11091,11091,GT,"GT is the most directly aligned and useful rubric, while learned is slightly less precise and qwen3_8b_direct is unrelated to the task.",4105,4105,5.0,5.0,4.0,5.0,3.0,5.0,4.5,5.0,4.0,4.0,5.0,4.0,5.0,4.5,1.0,1.0,1.0,1.0,1.0,1.0,1.0
2905,2905,GT,"GT is the most balanced and question-specific rubric, while the others are either somewhat redundant or contain weaker/less precise criteria.",7260,7260,5.0,4.0,4.0,5.0,3.0,4.0,4.166666666666667,5.0,3.0,4.0,4.0,3.0,4.0,3.8333333333333335,5.0,2.0,3.0,4.0,2.0,3.0,3.1666666666666665
17847,17847,qwen3_8b_direct,"qwen3_8b_direct is the most question-specific and useful while still covering the key techniques, limitations, and examples with minimal redundancy.",2363,2363,5.0,4.0,3.0,4.0,4.0,4.0,4.0,5.0,4.0,4.0,5.0,3.0,4.0,4.166666666666667,5.0,4.0,4.0,5.0,4.0,5.0,4.5
9593,9593,tie,"GT and learned are similarly relevant and useful, while qwen3_8b_direct is less aligned with the question and includes some mismatched or overly specific criteria.",7294,7294,5.0,4.0,4.0,4.0,4.0,4.0,4.166666666666667,5.0,4.0,4.0,4.0,4.0,4.0,4.166666666666667,4.0,3.0,3.0,3.0,3.0,3.0,3.1666666666666665
11755,11755,GT,"GT is the most directly aligned with the exact derivation and final expressions, while the others are more generic and less complete.",7837,7837,5.0,5.0,5.0,5.0,4.0,5.0,4.833333333333333,5.0,4.0,4.0,4.0,3.0,5.0,4.166666666666667,5.0,4.0,3.0,3.0,3.0,4.0,3.6666666666666665
14722,14722,learned,"The learned rubric is the most directly aligned and useful overall, while qwen3_8b_direct includes some less accurate or less targeted criteria.",8892,8892,5.0,4.0,4.0,5.0,3.0,5.0,4.333333333333333,5.0,4.0,4.0,5.0,4.0,5.0,4.5,4.0,3.0,3.0,4.0,4.0,4.0,3.6666666666666665
3934,3934,tie,"All three rubrics are highly relevant and mostly correct, but each is somewhat redundant and only moderately specific/comprehensive about the exact amplitude calculation.",7076,7076,5.0,4.0,4.0,4.0,3.0,4.0,4.0,5.0,4.0,4.0,4.0,3.0,4.0,4.0,5.0,4.0,4.0,4.0,3.0,4.0,4.0
477,477,learned,The learned rubric is highly relevant and specific while being slightly more concise and less redundant than GT; qwen3_8b_direct is largely off-task and meta-commentary rather than a usable rubric.,2042,2042,5.0,5.0,4.0,5.0,3.0,5.0,4.5,5.0,4.0,4.0,5.0,4.0,5.0,4.5,1.0,2.0,1.0,1.0,2.0,1.0,1.3333333333333333
1118,1118,GT,"GT is the most balanced and directly aligned with the three-part question, while the others are strong but slightly more formulaic and less tailored to the exact reasoning needed.",2315,2315,5.0,5.0,4.0,5.0,4.0,5.0,4.666666666666667,5.0,4.0,4.0,5.0,4.0,5.0,4.5,5.0,4.0,4.0,5.0,4.0,5.0,4.5
10064,10064,GT,"GT is the most balanced and complete rubric, while the others are useful but slightly more redundant and less precise in their criteria.",2869,2869,5.0,5.0,5.0,5.0,4.0,5.0,4.833333333333333,5.0,4.0,4.0,5.0,4.0,5.0,4.5,5.0,4.0,4.0,5.0,3.0,5.0,4.333333333333333
10537,10537,learned,"The learned rubric is the most balanced and useful, with strong question-specific criteria and less redundancy than GT, while qwen3_8b_direct is somewhat less precise about the key spin-orthogonality argument.",7947,7947,5.0,4.0,4.0,5.0,3.0,4.0,4.166666666666667,5.0,4.0,4.0,5.0,4.0,4.0,4.333333333333333,5.0,3.0,3.0,4.0,4.0,3.0,3.6666666666666665
392,392,GT,"GT is the most question-aligned and useful, while learned is truncated and qwen3_8b_direct is not a rubric at all.",4092,4092,5.0,3.0,4.0,5.0,3.0,4.0,4.0,4.0,2.0,2.0,4.0,2.0,2.0,2.6666666666666665,1.0,1.0,1.0,1.0,1.0,1.0,1.0
11110,11110,GT,"GT is the most concise and directly aligned with the exact calculation, while learned is slightly more redundant and qwen3_8b_direct is a bit less precise about the mass-based ideal gas form.",6984,6984,5.0,5.0,5.0,5.0,4.0,5.0,4.833333333333333,5.0,5.0,5.0,5.0,3.0,5.0,4.666666666666667,4.0,4.0,4.0,4.0,4.0,4.0,4.0
16109,16109,GT,"GT is the most balanced and precise rubric, while learned is slightly redundant and qwen3_8b_direct is a bit less complete.",8264,8264,5.0,5.0,5.0,5.0,4.0,5.0,4.833333333333333,5.0,4.0,5.0,5.0,3.0,5.0,4.5,5.0,4.0,4.0,5.0,4.0,4.0,4.333333333333333
3263,3263,tie,"All three rubrics are highly relevant and useful; GT is slightly more complete, while the generated rubrics are similarly strong but a bit less concise in structure.",8236,8236,5.0,5.0,5.0,5.0,3.0,5.0,4.666666666666667,5.0,5.0,4.0,5.0,4.0,5.0,4.666666666666667,5.0,5.0,4.0,5.0,4.0,5.0,4.666666666666667
13358,13358,GT,"GT is the most balanced and directly aligned with the question, while the generated rubrics are useful but somewhat redundant and less polished.",161,161,5.0,5.0,5.0,5.0,4.0,5.0,4.833333333333333,5.0,4.0,4.0,5.0,3.0,4.0,4.166666666666667,5.0,4.0,4.0,5.0,3.0,4.0,4.166666666666667
15640,15640,learned,The learned rubric is the most concise while still covering the key thermodynamic conditions and derivation without as much redundancy as the others.,5693,5693,5.0,4.0,4.0,5.0,3.0,4.0,4.166666666666667,5.0,4.0,4.0,5.0,4.0,5.0,4.5,5.0,4.0,4.0,5.0,3.0,4.0,4.166666666666667
2384,2384,qwen3_8b_direct,"qwen3_8b_direct is the most specific and useful while remaining concise, whereas GT is slightly more redundant and learned is incomplete.",8632,8632,5.0,4.0,4.0,5.0,3.0,4.0,4.166666666666667,2.0,2.0,1.0,2.0,2.0,1.0,1.6666666666666667,5.0,4.0,4.0,5.0,4.0,5.0,4.5
8938,8938,GT,"GT is the most balanced and precise rubric, while the others are slightly less correct or complete due to redundancy or weaker handling of the exact final-answer requirement.",4222,4222,5.0,5.0,5.0,5.0,4.0,5.0,4.833333333333333,5.0,4.0,5.0,5.0,3.0,5.0,4.5,5.0,4.0,4.0,5.0,4.0,4.0,4.333333333333333
260,260,GT,"GT is the most directly aligned and complete rubric, while the generated rubrics are useful but slightly more redundant and less tightly targeted.",2442,2442,5.0,5.0,5.0,5.0,4.0,5.0,4.833333333333333,5.0,4.0,4.0,4.0,3.0,4.0,4.0,5.0,4.0,4.0,4.0,4.0,4.0,4.166666666666667
9723,9723,GT,"GT is the most complete and question-targeted, though it is somewhat redundant; qwen3_8b_direct is also strong but slightly less detailed.",1109,1109,5.0,5.0,5.0,5.0,2.0,5.0,4.5,4.0,3.0,3.0,4.0,2.0,3.0,3.1666666666666665,5.0,4.0,4.0,4.0,4.0,4.0,4.166666666666667
4172,4172,GT,"GT is the most accurate and concise rubric, while learned is similarly strong but slightly less clean and qwen3_8b_direct is more redundant and includes weaker negative criteria.",238,238,5.0,5.0,5.0,5.0,4.0,5.0,4.833333333333333,5.0,4.0,5.0,5.0,4.0,5.0,4.666666666666667,5.0,3.0,4.0,5.0,2.0,4.0,3.8333333333333335
1030,1030,GT,"GT is the most directly aligned and complete for this exact derivation, while the generated rubrics are useful but slightly less precise and somewhat redundant.",2635,2635,5.0,5.0,5.0,5.0,4.0,5.0,4.833333333333333,5.0,4.0,4.0,4.0,3.0,4.0,4.0,5.0,4.0,4.0,4.0,3.0,4.0,4.0
9668,9668,tie,"The learned and qwen3_8b_direct rubrics are both strong and useful, with qwen3_8b_direct slightly more complete but also more redundant, resulting in a tie overall.",5024,5024,5.0,4.0,4.0,4.0,3.0,4.0,4.0,5.0,4.0,4.0,4.0,4.0,4.0,4.166666666666667,4.0,4.0,5.0,4.0,3.0,5.0,4.166666666666667
15072,15072,learned,"The learned rubric is the most complete and directly useful, while GT is strong but somewhat redundant and qwen3_8b_direct is largely a meta-discussion rather than a usable rubric.",6767,6767,5.0,5.0,4.0,5.0,3.0,5.0,4.5,5.0,5.0,5.0,5.0,4.0,5.0,4.833333333333333,2.0,2.0,2.0,2.0,2.0,2.0,2.0
2125,2125,tie,"GT and learned are both highly relevant, correct, and complete for this linkage-mapping question, while qwen3_8b_direct includes some incorrect terminology and weaker targeting.",1344,1344,5.0,5.0,5.0,5.0,4.0,5.0,4.833333333333333,5.0,5.0,5.0,5.0,4.0,5.0,4.833333333333333,4.0,2.0,3.0,4.0,4.0,3.0,3.3333333333333335
16681,16681,GT,"GT is highly aligned with the question and concise, while qwen3_8b_direct is also strong but slightly more redundant and the learned rubric is largely off-target.",1504,1504,5.0,5.0,5.0,5.0,4.0,5.0,4.833333333333333,2.0,2.0,2.0,1.0,2.0,2.0,1.8333333333333333,5.0,5.0,5.0,5.0,3.0,5.0,4.666666666666667
17716,17716,GT,"GT is the most complete and directly aligned with the stoichiometry problem, while the generated rubrics are truncated and miss key grading criteria.",7769,7769,5.0,5.0,5.0,5.0,4.0,5.0,4.833333333333333,4.0,3.0,2.0,4.0,4.0,3.0,3.3333333333333335,3.0,2.0,1.0,3.0,3.0,2.0,2.3333333333333335
4255,4255,GT,"GT is the most balanced and directly aligned with the question, while the others are also strong but slightly more redundant or overcommitted to a specific trend statement.",8131,8131,5.0,5.0,5.0,5.0,4.0,5.0,4.833333333333333,5.0,4.0,5.0,5.0,4.0,5.0,4.666666666666667,5.0,4.0,4.0,5.0,4.0,5.0,4.5
10786,10786,GT,"GT and learned are equally strong, but GT is slightly cleaner and less redundant while still fully capturing the key micelle concept.",5701,5701,5.0,5.0,5.0,5.0,4.0,5.0,4.833333333333333,5.0,5.0,5.0,5.0,4.0,5.0,4.833333333333333,5.0,5.0,4.0,5.0,4.0,5.0,4.666666666666667
11042,11042,tie,"All three rubrics are similarly relevant and useful, with comparable coverage of indistinguishability, reduced density operators, and environmental interactions, though each has minor issues and no clear winner.",6746,6746,5.0,4.0,4.0,4.0,4.0,4.0,4.166666666666667,5.0,4.0,4.0,4.0,4.0,4.0,4.166666666666667,5.0,4.0,4.0,4.0,4.0,4.0,4.166666666666667
4296,4296,GT,"GT is slightly more complete and directly tailored to the hemispherical-bubble setup, while learned is similarly strong but a bit less comprehensive; qwen3_8b_direct is not a rubric at all.",1582,1582,5.0,5.0,5.0,5.0,4.0,5.0,4.833333333333333,5.0,5.0,4.0,5.0,5.0,5.0,4.833333333333333,1.0,1.0,1.0,1.0,1.0,1.0,1.0
3299,3299,GT,"GT is the most question-specific and operational rubric, while the generated rubrics are verbose, partially redundant, and less polished.",5030,5030,5.0,5.0,5.0,5.0,4.0,5.0,4.833333333333333,4.0,3.0,3.0,3.0,2.0,3.0,3.0,4.0,3.0,3.0,3.0,2.0,3.0,3.0
5250,5250,GT,"GT is the most balanced and directly aligned with the question, while the learned and qwen rubrics are slightly more redundant and less cleanly phrased.",4836,4836,5.0,5.0,5.0,5.0,4.0,5.0,4.833333333333333,5.0,4.0,5.0,5.0,4.0,5.0,4.666666666666667,5.0,4.0,4.0,5.0,3.0,4.0,4.166666666666667
10780,10780,tie,"All three rubrics are highly relevant and correct; GT and qwen3_8b_direct are slightly stronger overall, while learned is a bit less complete.",5081,5081,5.0,5.0,5.0,5.0,4.0,5.0,4.833333333333333,5.0,5.0,4.0,5.0,4.0,5.0,4.666666666666667,5.0,5.0,4.0,5.0,5.0,5.0,4.833333333333333
342,342,GT,"GT is the most balanced and complete rubric, with strong coverage of the core distinction, experimental test, and entanglement without unnecessary weighting or redundancy.",2927,2927,5.0,5.0,5.0,5.0,4.0,5.0,4.833333333333333,5.0,5.0,4.0,5.0,4.0,5.0,4.666666666666667,5.0,5.0,4.0,5.0,4.0,5.0,4.666666666666667
15303,15303,tie,"GT and learned are equally strong and highly aligned with the question, while qwen3_8b_direct is slightly less precise and somewhat redundant.",9515,9515,5.0,5.0,5.0,5.0,4.0,5.0,4.833333333333333,5.0,5.0,5.0,5.0,4.0,5.0,4.833333333333333,4.0,4.0,4.0,4.0,3.0,4.0,3.8333333333333335
11572,11572,qwen3_8b_direct,"qwen3_8b_direct is the most question-specific and operationally useful, while GT is solid but more redundant and learned is incomplete.",6249,6249,5.0,5.0,4.0,4.0,3.0,5.0,4.333333333333333,4.0,4.0,2.0,4.0,4.0,3.0,3.5,5.0,4.0,4.0,5.0,4.0,5.0,4.5
2064,2064,GT,"GT is the most accurate and complete rubric, while learned is strong but slightly less precise and qwen3_8b_direct is truncated and incomplete.",8505,8505,5.0,5.0,5.0,5.0,4.0,5.0,4.833333333333333,5.0,4.0,4.0,5.0,4.0,5.0,4.5,4.0,3.0,2.0,3.0,4.0,3.0,3.1666666666666665
17750,17750,GT,"GT is the most balanced and accurate rubric, while qwen3_8b_direct is slightly more redundant and the learned rubric is a bit less precise.",6679,6679,5.0,5.0,4.0,5.0,4.0,5.0,4.666666666666667,5.0,4.0,4.0,5.0,4.0,5.0,4.5,5.0,4.0,5.0,5.0,3.0,5.0,4.5
18112,18112,tie,"All three rubrics are highly relevant and useful, with the generated rubrics slightly more concise and focused than GT.",7877,7877,5.0,4.0,4.0,4.0,3.0,4.0,4.0,5.0,4.0,4.0,4.0,4.0,4.0,4.166666666666667,5.0,4.0,4.0,4.0,4.0,4.0,4.166666666666667
14701,14701,qwen3_8b_direct,"qwen3_8b_direct is the most focused and useful rubric for this exact chemistry calculation, while GT is slightly more redundant and learned is largely off-task.",8258,8258,5.0,4.0,4.0,5.0,3.0,5.0,4.333333333333333,1.0,1.0,1.0,1.0,2.0,1.0,1.1666666666666667,5.0,4.0,4.0,5.0,4.0,5.0,4.5
11848,11848,GT,"GT is the most concise and directly aligned with the exact chemistry/stoichiometry target, while the others are slightly more redundant and less cleanly specified.",1031,1031,5.0,5.0,5.0,5.0,4.0,5.0,4.833333333333333,5.0,4.0,5.0,5.0,3.0,5.0,4.5,5.0,4.0,4.0,5.0,3.0,5.0,4.333333333333333
15728,15728,GT,"GT is the most directly aligned and useful overall, though it is slightly redundant and includes some optional/pitfall content beyond the core answer.",2955,2955,5.0,4.0,4.0,5.0,3.0,4.0,4.166666666666667,4.0,3.0,3.0,4.0,3.0,3.0,3.3333333333333335,4.0,4.0,3.0,4.0,4.0,4.0,3.8333333333333335
10063,10063,GT,"GT is the most question-specific and useful, while learned has a factual issue and qwen3_8b_direct is largely off-target and incomplete.",5178,5178,5.0,4.0,4.0,5.0,4.0,5.0,4.5,5.0,3.0,3.0,4.0,4.0,4.0,3.8333333333333335,2.0,1.0,1.0,1.0,2.0,1.0,1.3333333333333333
2158,2158,tie,"GT and qwen3_8b_direct are both highly relevant and useful, while learned is unrelated to the question.",2708,2708,5.0,5.0,5.0,5.0,3.0,5.0,4.666666666666667,1.0,1.0,1.0,1.0,4.0,1.0,1.5,5.0,5.0,4.0,5.0,4.0,5.0,4.666666666666667
11311,11311,GT,"GT and learned are both strong and question-specific, while qwen3_8b_direct is mostly meta-commentary rather than a usable rubric.",1318,1318,5.0,4.0,4.0,5.0,4.0,4.0,4.333333333333333,5.0,4.0,4.0,5.0,4.0,4.0,4.333333333333333,2.0,2.0,1.0,1.0,1.0,1.0,1.3333333333333333
3891,3891,GT,"GT is the most question-specific and structured, though both GT and learned inherit a numerical inconsistency from the reference answer, while qwen3_8b_direct is not a rubric at all.",2344,2344,5.0,2.0,4.0,5.0,4.0,3.0,3.8333333333333335,5.0,2.0,4.0,4.0,4.0,3.0,3.6666666666666665,1.0,1.0,1.0,1.0,1.0,1.0,1.0
13783,13783,tie,"All three rubrics correctly target DNA packaging as the key variable; the learned rubric is slightly more complete, while GT is a bit more redundant and qwen3_8b_direct is concise but less comprehensive.",1818,1818,5.0,5.0,4.0,5.0,3.0,5.0,4.5,5.0,4.0,5.0,5.0,3.0,5.0,4.5,5.0,4.0,4.0,5.0,4.0,5.0,4.5
13422,13422,learned,The learned rubric is the most concise while still covering the key physics points directly and without much redundancy.,2349,2349,5.0,5.0,5.0,5.0,3.0,5.0,4.666666666666667,5.0,5.0,5.0,5.0,4.0,5.0,4.833333333333333,5.0,5.0,4.0,5.0,4.0,5.0,4.666666666666667
1528,1528,GT,"GT is the most question-aligned and useful overall, while the other rubrics are incomplete and overly verbose/redundant.",8968,8968,4.0,3.0,4.0,4.0,3.0,4.0,3.6666666666666665,2.0,2.0,1.0,1.0,2.0,1.0,1.5,3.0,2.0,1.0,2.0,1.0,2.0,1.8333333333333333
6280,6280,GT,"GT is the most balanced and directly aligned with the question, while the others are slightly less complete or introduce narrower/less precise criteria.",5040,5040,5.0,5.0,5.0,5.0,4.0,5.0,4.833333333333333,5.0,5.0,4.0,5.0,4.0,5.0,4.666666666666667,5.0,4.0,4.0,5.0,4.0,5.0,4.5
8799,8799,tie,"The GT rubric is relevant but includes an incorrect friction/air-resistance pitfall, while the learned and qwen rubrics are similarly strong, specific, and useful with only minor omissions.",5358,5358,5.0,2.0,4.0,4.0,4.0,4.0,3.8333333333333335,5.0,4.0,4.0,4.0,4.0,5.0,4.333333333333333,5.0,4.0,4.0,4.0,4.0,5.0,4.333333333333333
2902,2902,GT,"GT is the most directly aligned and complete, while learned is similarly strong but slightly less comprehensive; qwen3_8b_direct is largely a meta-discussion rather than a usable rubric.",7676,7676,5.0,5.0,5.0,5.0,3.0,5.0,4.666666666666667,5.0,5.0,4.0,5.0,4.0,5.0,4.666666666666667,2.0,2.0,2.0,2.0,2.0,2.0,2.0
1474,1474,GT,"GT is the most balanced and directly aligned with the question, while qwen3_8b_direct is also strong but slightly less complete and the learned rubric is largely generic and off-target.",2614,2614,5.0,4.0,5.0,5.0,4.0,5.0,4.666666666666667,2.0,2.0,1.0,1.0,2.0,1.0,1.5,5.0,4.0,4.0,5.0,4.0,5.0,4.5
16983,16983,GT,"GT is the most concise and directly aligned with the question while still covering the key physics, whereas the generated rubrics add some redundancy and minor awkwardness.",9962,9962,5.0,5.0,5.0,5.0,4.0,5.0,4.833333333333333,5.0,4.0,5.0,5.0,3.0,5.0,4.5,5.0,4.0,5.0,5.0,3.0,5.0,4.5
16804,16804,GT,"GT is the most directly aligned, accurate, and concise rubric for the question, while the others add some useful detail but also include more generic or slightly off-target criteria.",981,981,5.0,5.0,5.0,5.0,4.0,5.0,4.833333333333333,5.0,4.0,4.0,4.0,3.0,4.0,4.0,4.0,4.0,4.0,4.0,3.0,4.0,3.8333333333333335
8520,8520,tie,"GT and qwen3_8b_direct are both highly relevant and useful, with qwen3_8b_direct slightly more concise while GT is more comprehensive; learned is largely misaligned and low quality.",1797,1797,5.0,5.0,5.0,5.0,3.0,5.0,4.666666666666667,2.0,2.0,2.0,2.0,2.0,2.0,2.0,5.0,5.0,4.0,5.0,4.0,5.0,4.666666666666667
11412,11412,GT,"GT is the most question-specific and usable, though it contains a likely conceptual mismatch about the 3D-to-2D scaling.",6089,6089,5.0,2.0,3.0,5.0,3.0,2.0,3.3333333333333335,4.0,2.0,2.0,4.0,3.0,2.0,2.8333333333333335,2.0,1.0,1.0,1.0,1.0,1.0,1.1666666666666667
1162,1162,GT,"GT is the most directly aligned and useful rubric, while learned is largely irrelevant and qwen3_8b_direct appears reasonably targeted but incomplete from the visible portion.",2495,2495,5.0,5.0,4.0,5.0,4.0,5.0,4.666666666666667,2.0,2.0,1.0,1.0,2.0,1.0,1.5,4.0,4.0,3.0,4.0,4.0,4.0,3.8333333333333335
11497,11497,GT,"GT is the most complete and directly aligned with the exact calculation, while qwen3_8b_direct is also strong but slightly less complete.",2331,2331,5.0,5.0,5.0,5.0,4.0,5.0,4.833333333333333,2.0,2.0,1.0,2.0,4.0,2.0,2.1666666666666665,5.0,4.0,4.0,5.0,5.0,5.0,4.666666666666667
13678,13678,GT,"GT is the most directly aligned and concise rubric, while the others are useful but include more redundancy and some imprecise phrasing about gravity versus apparent weight.",9656,9656,5.0,4.0,4.0,5.0,4.0,5.0,4.5,5.0,3.0,4.0,5.0,3.0,4.0,4.0,5.0,3.0,4.0,5.0,3.0,4.0,4.0
16507,16507,learned,"The learned rubric is the most concise and directly aligned with the required force, direction, and torque checks while avoiding the GT rubric’s incorrect torque criterion.",7815,7815,5.0,2.0,3.0,5.0,3.0,3.0,3.5,5.0,4.0,4.0,5.0,4.0,5.0,4.5,5.0,4.0,4.0,5.0,3.0,4.0,4.166666666666667
158,158,GT,"GT is the most directly aligned and complete rubric, while the generated rubrics are useful but more generic and slightly less precise.",3195,3195,5.0,5.0,5.0,5.0,4.0,5.0,4.833333333333333,5.0,4.0,4.0,4.0,3.0,4.0,4.0,5.0,4.0,4.0,4.0,4.0,4.0,4.166666666666667
12635,12635,tie,"All three rubrics are highly relevant and similarly strong, with minor redundancy and slight overstatement in mechanistic details preventing a clear winner.",8057,8057,5.0,4.0,4.0,5.0,3.0,4.0,4.166666666666667,5.0,4.0,4.0,5.0,3.0,4.0,4.166666666666667,5.0,4.0,4.0,5.0,3.0,4.0,4.166666666666667
2831,2831,qwen3_8b_direct,"qwen3_8b_direct is the most targeted and useful rubric, while learned is largely unrelated to the actual question.",1551,1551,5.0,4.0,4.0,5.0,3.0,5.0,4.333333333333333,1.0,1.0,1.0,1.0,1.0,1.0,1.0,5.0,4.0,4.0,5.0,4.0,5.0,4.5
5304,5304,GT,"GT is the most directly aligned and useful overall, while learned is similarly strong but slightly less polished and qwen3_8b_direct is more redundant and less precise.",4741,4741,5.0,4.0,4.0,5.0,4.0,5.0,4.5,5.0,4.0,4.0,5.0,4.0,5.0,4.5,4.0,3.0,3.0,4.0,2.0,3.0,3.1666666666666665
11216,11216,GT,"GT is the most balanced and directly aligned with the question, while learned is slightly more detailed but somewhat redundant and qwen3_8b_direct appears incomplete.",7153,7153,5.0,4.0,4.0,4.0,4.0,4.0,4.166666666666667,5.0,4.0,4.0,4.0,3.0,4.0,4.0,4.0,3.0,2.0,3.0,4.0,2.0,3.0
16058,16058,tie,"All three rubrics are highly relevant, correct, and useful, with only minor redundancy from overlapping criteria.",5056,5056,5.0,5.0,5.0,5.0,4.0,5.0,4.833333333333333,5.0,5.0,5.0,5.0,4.0,5.0,4.833333333333333,5.0,5.0,5.0,5.0,4.0,5.0,4.833333333333333
11251,11251,GT,"GT is the most directly aligned with the exact target expression and the rotation/boson-operator explanation, though it is somewhat redundant.",375,375,5.0,5.0,4.0,5.0,2.0,4.0,4.166666666666667,5.0,4.0,4.0,5.0,2.0,4.0,4.0,4.0,3.0,3.0,4.0,2.0,3.0,3.1666666666666665
2506,2506,learned,"The learned rubric is the most usable overall, while GT is tied to an incorrect reference answer and qwen3_8b_direct is largely irrelevant and verbose.",200,200,2.0,1.0,2.0,4.0,4.0,1.0,2.3333333333333335,4.0,2.0,4.0,4.0,4.0,3.0,3.5,1.0,1.0,1.0,1.0,1.0,1.0,1.0
14424,14424,GT,"GT is the most complete and directly aligned with the titration stoichiometry and final percent calculation, while qwen3_8b_direct is unrelated to the task.",7704,7704,5.0,5.0,5.0,5.0,4.0,5.0,4.833333333333333,5.0,4.0,4.0,5.0,4.0,5.0,4.5,1.0,1.0,1.0,1.0,1.0,1.0,1.0
47,47,learned,The learned rubric is the most complete and useful while remaining fairly concise and well-targeted to the question.,1257,1257,5.0,4.0,5.0,5.0,3.0,5.0,4.5,5.0,4.0,5.0,5.0,4.0,5.0,4.666666666666667,5.0,4.0,4.0,4.0,5.0,4.0,4.333333333333333
5442,5442,tie,"GT and learned are equally strong and fully aligned with the stereochemical targets, while qwen3_8b_direct is slightly less complete and includes a weaker/less precise criterion.",1217,1217,5.0,5.0,5.0,5.0,4.0,5.0,4.833333333333333,5.0,5.0,5.0,5.0,4.0,5.0,4.833333333333333,5.0,4.0,4.0,5.0,4.0,4.0,4.333333333333333
2381,2381,qwen3_8b_direct,"All three are strong, but qwen3_8b_direct is the most concise and non-redundant while still covering the key derivation and buffer interpretation.",8924,8924,5.0,4.0,4.0,5.0,4.0,5.0,4.5,5.0,4.0,4.0,5.0,4.0,5.0,4.5,5.0,4.0,4.0,5.0,5.0,5.0,4.666666666666667
6544,6544,qwen3_8b_direct,"qwen3_8b_direct is concise, accurate, and tightly matched to the exact calculation, while GT is slightly more redundant and the learned rubric is largely irrelevant.",1671,1671,5.0,5.0,4.0,5.0,3.0,5.0,4.5,2.0,2.0,1.0,1.0,2.0,1.0,1.5,5.0,4.0,4.0,5.0,5.0,5.0,4.666666666666667
12931,12931,GT,"GT is the most balanced and precise rubric, while the others are slightly more redundant or less complete in capturing the exact expected calculations and final values.",9814,9814,5.0,5.0,5.0,5.0,4.0,5.0,4.833333333333333,5.0,4.0,5.0,5.0,3.0,5.0,4.5,5.0,4.0,4.0,5.0,3.0,4.0,4.166666666666667
8120,8120,tie,"GT and learned are equally strong and well-targeted, while qwen3_8b_direct is also good but slightly less complete and precise.",4047,4047,5.0,5.0,5.0,5.0,4.0,5.0,4.833333333333333,5.0,5.0,5.0,5.0,4.0,5.0,4.833333333333333,5.0,4.0,4.0,5.0,4.0,5.0,4.5
18143,18143,qwen3_8b_direct,"qwen3_8b_direct is the most complete and question-specific while remaining concise, though it includes a slightly debatable dihydrate criterion.",228,228,5.0,4.0,4.0,5.0,3.0,5.0,4.333333333333333,2.0,2.0,1.0,1.0,1.0,1.0,1.3333333333333333,5.0,4.0,5.0,5.0,4.0,5.0,4.666666666666667
9001,9001,tie,"All three rubrics are relevant and mostly correct, with the generated ones slightly more complete but also somewhat more redundant, resulting in an overall tie.",9465,9465,4.0,4.0,3.0,4.0,4.0,4.0,3.8333333333333335,4.0,4.0,4.0,4.0,3.0,4.0,3.8333333333333335,4.0,4.0,4.0,4.0,3.0,4.0,3.8333333333333335
10350,10350,learned,"The learned rubric is the most balanced and useful, while GT is somewhat generic and qwen3_8b_direct is more redundant and includes some questionable criteria.",1040,1040,4.0,3.0,3.0,4.0,3.0,3.0,3.3333333333333335,4.0,3.0,3.0,4.0,4.0,4.0,3.6666666666666665,4.0,2.0,3.0,4.0,2.0,3.0,3.0
4034,4034,GT,"GT is the most accurate and complete for this exact multiple-choice chemistry question, with the fewest mechanistic inaccuracies and the clearest final-answer requirement.",3553,3553,5.0,5.0,5.0,5.0,4.0,5.0,4.833333333333333,5.0,4.0,4.0,5.0,4.0,5.0,4.5,5.0,4.0,4.0,5.0,4.0,5.0,4.5
4688,4688,tie,"GT and learned are both highly relevant, correct, and complete, while qwen3_8b_direct appears truncated and misses key rubric content.",2767,2767,5.0,5.0,5.0,5.0,4.0,5.0,4.833333333333333,5.0,5.0,5.0,5.0,4.0,5.0,4.833333333333333,4.0,4.0,2.0,3.0,4.0,3.0,3.3333333333333335
4190,4190,qwen3_8b_direct,"qwen3_8b_direct is the most instance-specific and complete while remaining concise and correct, making it the most useful for judging responses to this exact problem.",2434,2434,5.0,5.0,5.0,4.0,4.0,5.0,4.666666666666667,5.0,4.0,4.0,4.0,3.0,4.0,4.0,5.0,5.0,5.0,5.0,4.0,5.0,4.833333333333333
14975,14975,GT,"GT is the most accurate and directly aligned with the reference solution, while the generated rubrics add some useful points but also include less relevant or incorrect symmetry/cross-section criteria.",2757,2757,5.0,5.0,5.0,5.0,4.0,5.0,4.833333333333333,4.0,3.0,4.0,4.0,3.0,4.0,3.6666666666666665,4.0,3.0,4.0,4.0,3.0,4.0,3.6666666666666665
10721,10721,GT,"GT is the most question-specific and useful, though it slightly overstates the negligibility of excited states; the generated rubrics are more generic and less well-targeted.",4531,4531,5.0,3.0,4.0,5.0,3.0,4.0,4.0,4.0,2.0,3.0,3.0,2.0,3.0,2.8333333333333335,4.0,3.0,3.0,3.0,3.0,3.0,3.1666666666666665
17052,17052,GT,"GT directly targets the Ksp/common-ion calculation and final numeric answer, while the other two are mostly meta-discussion about rubric design rather than criteria for solving the chemistry problem.",8720,8720,5.0,5.0,5.0,5.0,4.0,5.0,4.833333333333333,2.0,2.0,1.0,1.0,2.0,1.0,1.5,2.0,2.0,1.0,1.0,2.0,1.0,1.5
11530,11530,tie,"GT and learned are equally strong and fully aligned with the question, while qwen3_8b_direct is slightly less complete due to fewer explicit grading criteria.",3540,3540,5.0,5.0,5.0,5.0,4.0,5.0,4.833333333333333,5.0,5.0,5.0,5.0,4.0,5.0,4.833333333333333,5.0,5.0,4.0,5.0,4.0,5.0,4.666666666666667
13802,13802,learned,"The learned rubric is the most concise while still capturing the key probability, trial-count, and physical-insight requirements without as much redundancy or minor imprecision as the others.",3014,3014,5.0,4.0,4.0,5.0,3.0,4.0,4.166666666666667,5.0,4.0,4.0,5.0,4.0,4.0,4.333333333333333,5.0,3.0,4.0,5.0,3.0,4.0,4.0
17133,17133,learned,"The learned rubric is the most complete and question-specific, while the GT rubric is good but somewhat redundant and the qwen3_8b_direct content is not a rubric at all.",942,942,5.0,4.0,4.0,4.0,3.0,4.0,4.0,5.0,4.0,5.0,5.0,4.0,5.0,4.666666666666667,1.0,1.0,1.0,1.0,1.0,1.0,1.0
918,918,tie,"GT and qwen3_8b_direct are both highly relevant, correct, and complete for this specific biochemical question, while learned is truncated and unusable.",6586,6586,5.0,5.0,5.0,5.0,4.0,5.0,4.833333333333333,2.0,2.0,1.0,1.0,2.0,1.0,1.5,5.0,5.0,5.0,5.0,4.0,5.0,4.833333333333333
4507,4507,GT,"GT is the most balanced and directly aligned with the question, while the others add some useful detail but are slightly more redundant or less tightly matched.",4931,4931,5.0,5.0,5.0,5.0,4.0,5.0,4.833333333333333,5.0,4.0,4.0,5.0,4.0,5.0,4.5,5.0,4.0,4.0,5.0,3.0,4.0,4.166666666666667
15890,15890,learned,"The learned rubric is the most complete and useful overall, while qwen3_8b_direct is more redundant and slightly less cleanly aligned.",4183,4183,5.0,4.0,4.0,5.0,3.0,5.0,4.333333333333333,5.0,4.0,5.0,5.0,3.0,5.0,4.5,4.0,3.0,4.0,4.0,2.0,4.0,3.5
8099,8099,GT,"GT is the most complete and directly aligned with the exact conversions, while the learned rubric is slightly less clean and qwen3_8b_direct appears incomplete.",8612,8612,5.0,5.0,5.0,5.0,4.0,5.0,4.833333333333333,5.0,4.0,4.0,5.0,3.0,5.0,4.333333333333333,4.0,4.0,2.0,4.0,3.0,3.0,3.3333333333333335
3381,3381,tie,"All three rubrics are highly relevant and useful, with similar coverage and only minor issues in precision and redundancy.",2118,2118,5.0,4.0,4.0,5.0,4.0,5.0,4.5,5.0,4.0,4.0,5.0,4.0,5.0,4.5,5.0,4.0,4.0,5.0,4.0,5.0,4.5
1582,1582,learned,"The learned rubric is the most balanced and directly targets the key assumptions, validity limits, and hierarchy truncation without excessive redundancy.",9828,9828,4.0,3.0,4.0,4.0,2.0,4.0,3.5,4.0,4.0,4.0,4.0,4.0,4.0,4.0,2.0,2.0,1.0,1.0,1.0,1.0,1.3333333333333333
3674,3674,GT,"GT directly targets the correct answer with specific, relevant criteria, while the other two are largely off-task and malformed for this question.",1113,1113,5.0,5.0,4.0,5.0,3.0,5.0,4.5,1.0,1.0,1.0,1.0,2.0,1.0,1.1666666666666667,1.0,1.0,1.0,1.0,2.0,1.0,1.1666666666666667
16987,16987,GT,"GT is the most directly aligned and useful overall, though it has some redundancy and a minor mismatch with the reference answer’s simplicity.",435,435,5.0,4.0,4.0,5.0,3.0,5.0,4.333333333333333,1.0,1.0,1.0,1.0,1.0,1.0,1.0,4.0,3.0,4.0,4.0,3.0,4.0,3.6666666666666665
15898,15898,tie,"GT and learned are equally strong, highly specific, and complete for the derivation, while qwen3_8b_direct is more generic and less detailed.",5262,5262,5.0,5.0,5.0,5.0,4.0,5.0,4.833333333333333,5.0,5.0,5.0,5.0,4.0,5.0,4.833333333333333,4.0,4.0,3.0,3.0,4.0,4.0,3.6666666666666665
14386,14386,GT,"GT and learned are both strong, but GT is slightly cleaner and more directly aligned to the exact solution path, while qwen3_8b_direct is mostly a meta-discussion rather than a usable rubric.",6145,6145,5.0,5.0,5.0,5.0,4.0,5.0,4.833333333333333,5.0,4.0,5.0,5.0,4.0,5.0,4.666666666666667,1.0,1.0,1.0,1.0,2.0,1.0,1.1666666666666667
1913,1913,GT,"GT is the most directly aligned and well-structured rubric, while learned is also strong but slightly less precise and qwen3_8b_direct is largely irrelevant.",6773,6773,5.0,5.0,4.0,5.0,4.0,5.0,4.666666666666667,5.0,4.0,4.0,5.0,4.0,5.0,4.5,1.0,1.0,1.0,1.0,2.0,1.0,1.1666666666666667
2201,2201,GT,"GT is the most balanced and directly aligned with the question, while learned is slightly more specific but includes some less essential extras and qwen3_8b_direct is truncated and incomplete.",54,54,5.0,5.0,4.0,5.0,4.0,5.0,4.666666666666667,5.0,4.0,4.0,4.0,4.0,5.0,4.333333333333333,4.0,4.0,2.0,4.0,3.0,3.0,3.3333333333333335
8296,8296,GT,"GT is the most balanced and directly aligned rubric, with strong coverage of activation energy, thermal decomposition, and shock-induced bond breaking without unnecessary weighting or redundancy.",2815,2815,5.0,5.0,5.0,5.0,4.0,5.0,4.833333333333333,5.0,4.0,5.0,5.0,3.0,5.0,4.5,5.0,4.0,4.0,5.0,3.0,5.0,4.333333333333333
11097,11097,GT,"GT is the most complete and directly tailored to the exact answer choices, while the others are either truncated or slightly more generic.",6129,6129,5.0,5.0,5.0,5.0,4.0,5.0,4.833333333333333,4.0,4.0,3.0,4.0,3.0,4.0,3.6666666666666665,5.0,4.0,4.0,4.0,4.0,5.0,4.333333333333333
3476,3476,GT,"GT is the most directly aligned and practically useful, though it is somewhat verbose and includes a few optional/redundant points.",830,830,5.0,4.0,4.0,5.0,3.0,5.0,4.333333333333333,5.0,4.0,4.0,4.0,4.0,4.0,4.166666666666667,5.0,3.0,4.0,4.0,4.0,4.0,4.0
11421,11421,learned,The learned rubric is the most accurate and directly aligned with the correct probability model while remaining concise and useful.,1771,1771,5.0,4.0,4.0,5.0,3.0,5.0,4.333333333333333,5.0,4.0,4.0,5.0,4.0,5.0,4.5,4.0,2.0,3.0,4.0,4.0,3.0,3.3333333333333335
9378,9378,tie,"All three rubrics are highly relevant, correct, and similarly complete for this NH3 hybridization question, with only minor redundancy differences.",1013,1013,5.0,5.0,5.0,5.0,4.0,5.0,4.833333333333333,5.0,5.0,5.0,5.0,4.0,5.0,4.833333333333333,5.0,5.0,5.0,5.0,4.0,5.0,4.833333333333333
12084,12084,tie,"GT and learned are equally strong and highly aligned with the question, while qwen3_8b_direct is also good but slightly less precise in its rubric framing.",4500,4500,5.0,5.0,5.0,5.0,3.0,5.0,4.666666666666667,5.0,5.0,4.0,5.0,4.0,5.0,4.666666666666667,5.0,4.0,4.0,5.0,4.0,5.0,4.5
13263,13263,learned,"The learned rubric is the most balanced and useful, covering both observables, Jackknife steps, and the correlation/lattice context with less redundancy than the others.",5797,5797,5.0,3.0,4.0,4.0,3.0,4.0,3.8333333333333335,5.0,4.0,4.0,4.0,4.0,5.0,4.333333333333333,5.0,4.0,4.0,4.0,3.0,4.0,4.0
2925,2925,GT,"GT is the most directly aligned and useful, while the generated rubrics overemphasize derivative-based magnetization despite the provided partition function not supporting that derivation.",9646,9646,5.0,4.0,4.0,5.0,4.0,5.0,4.5,4.0,3.0,3.0,4.0,3.0,4.0,3.5,4.0,3.0,3.0,4.0,3.0,4.0,3.5
3916,3916,learned,"The learned rubric is the most concise and directly targeted to the isotope-notation task, while qwen3_8b_direct is largely meta-discussion rather than a usable rubric.",1256,1256,5.0,5.0,5.0,5.0,3.0,5.0,4.666666666666667,5.0,5.0,5.0,5.0,4.0,5.0,4.833333333333333,2.0,2.0,1.0,1.0,2.0,1.0,1.5
2263,2263,GT,"GT is the most accurate and useful overall, while learned is slightly weakened by an incorrect negative criterion and qwen3_8b_direct contains a clearly wrong negative criterion.",4189,4189,5.0,5.0,5.0,5.0,3.0,5.0,4.666666666666667,5.0,3.0,4.0,5.0,3.0,4.0,4.0,5.0,2.0,4.0,5.0,3.0,3.0,3.6666666666666665
16396,16396,GT,"GT is the most balanced and accurate rubric for this question, while the others add some useful detail but also include inaccuracies or unnecessary assumptions.",3395,3395,5.0,5.0,4.0,4.0,4.0,5.0,4.5,5.0,4.0,4.0,4.0,3.0,4.0,4.0,5.0,3.0,3.0,4.0,3.0,3.0,3.5
8693,8693,GT,"GT is the most balanced and complete rubric, while learned is slightly more redundant and qwen3_8b_direct is a bit less complete.",5062,5062,5.0,5.0,5.0,5.0,4.0,5.0,4.833333333333333,5.0,5.0,5.0,5.0,3.0,5.0,4.666666666666667,5.0,4.0,4.0,5.0,4.0,5.0,4.5
16857,16857,tie,"All three rubrics are highly relevant and correct; GT is slightly more redundant, while the other two are a bit more concise but omit some optional depth, so they tie overall.",4688,4688,5.0,5.0,5.0,5.0,3.0,5.0,4.666666666666667,5.0,5.0,4.0,5.0,4.0,5.0,4.666666666666667,5.0,5.0,4.0,5.0,4.0,5.0,4.666666666666667
14761,14761,GT,"GT is the most complete and accurate rubric for the question, while learned is strong but slightly redundant and qwen3_8b_direct appears truncated and incomplete.",4070,4070,5.0,5.0,5.0,5.0,4.0,5.0,4.833333333333333,5.0,4.0,4.0,5.0,3.0,5.0,4.333333333333333,4.0,3.0,2.0,4.0,2.0,3.0,3.0
13708,13708,GT,"GT is the most accurate and directly tailored to the exact calculations, units, and common pitfall in the question.",4509,4509,5.0,5.0,5.0,5.0,4.0,5.0,4.833333333333333,5.0,3.0,4.0,4.0,3.0,4.0,3.8333333333333335,5.0,3.0,4.0,4.0,4.0,4.0,4.0
9487,9487,GT,"GT is the most complete and directly aligned with the exact calculation path and final formula requirements, while the others are slightly less precise or less well-structured.",8592,8592,5.0,5.0,5.0,5.0,4.0,5.0,4.833333333333333,5.0,5.0,4.0,5.0,4.0,5.0,4.666666666666667,5.0,4.0,4.0,5.0,4.0,4.0,4.333333333333333
3574,3574,tie,"All three rubrics are highly relevant and useful, with the learned and qwen rubrics slightly more concise while the GT rubric is a bit more redundant.",9419,9419,5.0,5.0,4.0,4.0,3.0,5.0,4.333333333333333,5.0,4.0,4.0,4.0,4.0,5.0,4.333333333333333,5.0,4.0,4.0,4.0,4.0,5.0,4.333333333333333
17333,17333,learned,"The learned rubric is the most concise while still covering the key setup flaw, pressure issues, hydrogen properties, and alternatives without much redundancy.",1177,1177,5.0,4.0,4.0,4.0,3.0,4.0,4.0,5.0,4.0,4.0,4.0,4.0,4.0,4.166666666666667,5.0,4.0,4.0,4.0,3.0,4.0,4.0
17549,17549,learned,"The learned rubric is the most concise while still capturing the key SOC requirement, contrast with no-SOC cases, and relevant symmetry context.",4404,4404,5.0,4.0,4.0,4.0,3.0,4.0,4.0,5.0,4.0,4.0,4.0,4.0,4.0,4.166666666666667,4.0,3.0,3.0,3.0,4.0,3.0,3.3333333333333335
6872,6872,GT,"GT is directly aligned with the biology question and the exact expected answer, while the other rubrics are effectively unusable or malformed.",6910,6910,5.0,5.0,4.0,5.0,3.0,5.0,4.5,1.0,1.0,1.0,1.0,5.0,1.0,1.6666666666666667,1.0,1.0,1.0,1.0,1.0,1.0,1.0
15483,15483,GT,"GT is the most concise and directly aligned with the question, while qwen3_8b_direct is also strong but slightly less cleanly framed.",3960,3960,5.0,5.0,4.0,5.0,4.0,5.0,4.666666666666667,2.0,2.0,2.0,1.0,2.0,2.0,1.8333333333333333,5.0,4.0,4.0,5.0,4.0,5.0,4.5
2394,2394,GT,"GT is the only rubric that addresses the asked gas-statistics comparison and high-temperature classical limit, while the others are unrelated or malformed.",3306,3306,4.0,2.0,3.0,4.0,3.0,3.0,3.1666666666666665,1.0,1.0,1.0,1.0,4.0,1.0,1.5,1.0,1.0,1.0,1.0,1.0,1.0,1.0
14066,14066,learned,"The learned rubric is the most concise while still capturing the key derivation, low-altitude assumption, and required radius cancellation with minimal redundancy.",1767,1767,5.0,5.0,5.0,5.0,3.0,5.0,4.666666666666667,5.0,5.0,5.0,5.0,4.0,5.0,4.833333333333333,5.0,5.0,4.0,5.0,3.0,5.0,4.5
13791,13791,learned,The learned rubric is the most complete and directly aligned with all required calculations while remaining accurate and useful.,9653,9653,5.0,5.0,4.0,5.0,4.0,5.0,4.666666666666667,5.0,5.0,5.0,5.0,4.0,5.0,4.833333333333333,5.0,4.0,5.0,5.0,4.0,5.0,4.666666666666667
9787,9787,GT,"GT is the most directly aligned with the question and reference answer, though it is somewhat redundant.",6369,6369,5.0,4.0,4.0,5.0,2.0,4.0,4.0,4.0,3.0,3.0,4.0,4.0,3.0,3.5,4.0,3.0,3.0,4.0,4.0,3.0,3.5
4664,4664,GT,"GT is the most directly aligned with the question, while learned is useful but includes a likely incorrect electrode claim and qwen3_8b_direct is largely off-target and internally confused.",8692,8692,5.0,4.0,4.0,4.0,3.0,4.0,4.0,5.0,3.0,4.0,4.0,4.0,4.0,4.0,2.0,1.0,1.0,1.0,1.0,1.0,1.1666666666666667
15587,15587,tie,"All three rubrics are highly relevant and useful; GT and qwen3_8b_direct are slightly more concise, while learned is a bit more redundant.",9186,9186,5.0,4.0,5.0,5.0,4.0,5.0,4.666666666666667,5.0,4.0,5.0,5.0,3.0,5.0,4.5,5.0,4.0,5.0,5.0,4.0,5.0,4.666666666666667
667,667,learned,"The learned rubric is the most complete and useful while remaining specific, though it is slightly weakened by extra, less central substitution-rate detail.",908,908,5.0,5.0,4.0,5.0,4.0,5.0,4.666666666666667,5.0,4.0,5.0,5.0,4.0,5.0,4.666666666666667,5.0,4.0,4.0,5.0,5.0,5.0,4.666666666666667
2052,2052,GT,"GT is the most complete and directly aligned with the constant-pressure inert-gas equilibrium behavior, while the others are shorter and somewhat redundant or incomplete.",5768,5768,5.0,5.0,5.0,5.0,3.0,5.0,4.666666666666667,4.0,4.0,3.0,4.0,4.0,4.0,3.8333333333333335,5.0,4.0,4.0,4.0,2.0,4.0,3.8333333333333335
500,500,GT,"GT is the most question-aligned overall, though all rubrics are weakened by overemphasizing bosonic statistics and quantization instead of the actual semiclassical density-of-states derivation.",1427,1427,3.0,3.0,2.0,3.0,3.0,3.0,2.8333333333333335,3.0,2.0,2.0,3.0,4.0,2.0,2.6666666666666665,3.0,2.0,2.0,3.0,4.0,2.0,2.6666666666666665
9597,9597,GT,"GT is the most directly aligned and useful rubric, while learned is similarly strong but slightly less cleanly framed; qwen3_8b_direct is not a rubric at all.",4062,4062,5.0,5.0,4.0,5.0,3.0,5.0,4.5,5.0,4.0,4.0,5.0,4.0,5.0,4.5,1.0,1.0,1.0,1.0,1.0,1.0,1.0
9665,9665,GT,"GT is the most accurate and useful overall, while the generated rubrics contain notable physics errors and redundancy.",930,930,5.0,5.0,4.0,5.0,4.0,5.0,4.666666666666667,4.0,2.0,2.0,4.0,3.0,3.0,3.0,4.0,2.0,2.0,4.0,2.0,2.0,2.6666666666666665
13965,13965,GT,"GT is the most directly aligned and concise rubric for the question, while the generated rubrics add some useful ideas but also include less relevant or slightly inaccurate criteria.",9024,9024,5.0,5.0,4.0,5.0,4.0,5.0,4.666666666666667,4.0,3.0,4.0,4.0,3.0,4.0,3.6666666666666665,4.0,3.0,4.0,4.0,3.0,4.0,3.6666666666666665
8454,8454,GT,"GT is the most accurate and directly aligned with the question, while learned includes some incorrect biology and qwen3_8b_direct is not a rubric at all.",8987,8987,5.0,5.0,4.0,5.0,4.0,5.0,4.666666666666667,4.0,2.0,3.0,4.0,3.0,3.0,3.1666666666666665,1.0,1.0,1.0,1.0,1.0,1.0,1.0
12504,12504,GT,"GT is the most concise and directly aligned with the exact derivation and final energy formula, while the others are more verbose and slightly less precise.",3821,3821,5.0,5.0,5.0,5.0,4.0,5.0,4.833333333333333,5.0,4.0,5.0,5.0,3.0,5.0,4.5,5.0,4.0,4.0,4.0,3.0,4.0,4.0
7209,7209,learned,"The learned rubric is the most complete and useful while remaining concise, whereas qwen3_8b_direct appears truncated and less complete.",8437,8437,5.0,5.0,4.0,5.0,3.0,5.0,4.5,5.0,5.0,4.0,5.0,4.0,5.0,4.666666666666667,4.0,4.0,2.0,4.0,3.0,3.0,3.3333333333333335
12425,12425,GT,"GT is the most complete and directly aligned with the question, while the others are useful but slightly less precise and more redundant.",1525,1525,5.0,5.0,5.0,5.0,4.0,5.0,4.833333333333333,5.0,4.0,4.0,5.0,3.0,5.0,4.333333333333333,5.0,4.0,4.0,5.0,4.0,5.0,4.5
17031,17031,GT,"GT is the most directly aligned and complete for this simple horsepower-to-peak-velocity comparison, though it is somewhat redundant.",8637,8637,5.0,5.0,4.0,5.0,3.0,5.0,4.5,5.0,4.0,4.0,5.0,4.0,5.0,4.5,5.0,4.0,3.0,4.0,4.0,4.0,4.0
5689,5689,GT,"GT is the most directly aligned and concise rubric, while the learned rubric is slightly more detailed but somewhat redundant and qwen3_8b_direct adds several less relevant or over-specific criteria.",5403,5403,5.0,5.0,4.0,4.0,4.0,5.0,4.5,5.0,4.0,4.0,4.0,3.0,4.0,4.0,4.0,3.0,4.0,4.0,2.0,3.0,3.3333333333333335
3232,3232,GT,"GT is the most directly aligned with the question and the reference answer, though it is somewhat redundant; qwen3_8b_direct is also strong but slightly less complete.",922,922,5.0,5.0,5.0,5.0,3.0,5.0,4.666666666666667,4.0,3.0,4.0,4.0,3.0,4.0,3.6666666666666665,5.0,4.0,4.0,4.0,4.0,5.0,4.333333333333333
4673,4673,GT,"GT is the most directly aligned and well-balanced rubric, while learned is similarly strong but slightly less precise and qwen3_8b_direct is more generic and somewhat less well-targeted.",8002,8002,5.0,5.0,5.0,5.0,4.0,5.0,4.833333333333333,5.0,4.0,5.0,5.0,4.0,5.0,4.666666666666667,4.0,3.0,4.0,4.0,3.0,4.0,3.6666666666666665
4446,4446,learned,"The learned rubric is the most complete and useful while staying specific to the question, though it slightly overstates some examples and principles.",2104,2104,5.0,4.0,4.0,5.0,4.0,5.0,4.5,5.0,4.0,5.0,5.0,4.0,5.0,4.666666666666667,4.0,3.0,3.0,4.0,5.0,4.0,3.8333333333333335
7483,7483,tie,"GT and learned are both highly relevant, correct, and complete for this TLC identity-check question, while qwen3_8b_direct is truncated and less complete.",9329,9329,5.0,5.0,5.0,5.0,4.0,5.0,4.833333333333333,5.0,5.0,5.0,5.0,4.0,5.0,4.833333333333333,4.0,4.0,3.0,4.0,3.0,4.0,3.6666666666666665
2847,2847,GT,"GT is the most directly aligned and complete for this exact mechanics setup, though the learned and qwen rubrics are also strong.",8959,8959,5.0,5.0,4.0,5.0,4.0,5.0,4.666666666666667,5.0,4.0,4.0,5.0,3.0,5.0,4.333333333333333,5.0,4.0,4.0,5.0,4.0,5.0,4.5
10926,10926,learned,"The learned rubric is the most concise and accurate match to the relativistic dispersion and group-velocity derivation, while qwen3_8b_direct is unrelated and GT is somewhat redundant and partially misaligned.",412,412,4.0,3.0,3.0,4.0,3.0,3.0,3.3333333333333335,4.0,4.0,4.0,4.0,4.0,4.0,4.0,1.0,1.0,1.0,1.0,1.0,1.0,1.0
16664,16664,GT,"GT is the most balanced and directly aligned with the question, while the learned rubric is slightly more detailed but includes some less necessary framing and qwen3_8b_direct is less complete.",5132,5132,5.0,5.0,4.0,5.0,4.0,5.0,4.666666666666667,5.0,4.0,4.0,5.0,4.0,5.0,4.5,5.0,4.0,3.0,5.0,5.0,4.0,4.333333333333333
779,779,qwen3_8b_direct,"qwen3_8b_direct is the most focused and useful while remaining concise, specific, and correct for this exact question.",5102,5102,5.0,5.0,4.0,5.0,3.0,5.0,4.5,2.0,2.0,1.0,1.0,2.0,1.0,1.5,5.0,5.0,4.0,5.0,4.0,5.0,4.666666666666667
16554,16554,tie,"GT and learned are equally strong and highly aligned with the question, while qwen3_8b_direct is useful but less polished and somewhat redundant.",1965,1965,5.0,5.0,5.0,5.0,4.0,5.0,4.833333333333333,5.0,5.0,5.0,5.0,4.0,5.0,4.833333333333333,5.0,4.0,4.0,4.0,3.0,4.0,4.0
12494,12494,GT,"GT is the most directly aligned and specific to the exact derivation, while the others are useful but slightly more generic.",4675,4675,5.0,4.0,4.0,5.0,4.0,5.0,4.5,5.0,4.0,4.0,4.0,4.0,5.0,4.333333333333333,5.0,4.0,4.0,4.0,4.0,5.0,4.333333333333333
16308,16308,GT,"GT is the most accurate and useful overall, while the generated rubrics are somewhat incomplete and the qwen rubric is bloated and includes an unnecessary normalization requirement.",3053,3053,5.0,5.0,5.0,5.0,4.0,5.0,4.833333333333333,4.0,4.0,3.0,4.0,3.0,4.0,3.6666666666666665,4.0,3.0,3.0,4.0,2.0,3.0,3.1666666666666665
6816,6816,GT,"GT is the most concise and directly aligned with the question, while the others add some useful detail but are more redundant and slightly less focused.",1591,1591,5.0,5.0,4.0,5.0,4.0,5.0,4.666666666666667,5.0,4.0,4.0,5.0,3.0,5.0,4.333333333333333,5.0,4.0,4.0,5.0,2.0,4.0,4.0
10848,10848,GT,"GT is the most complete and directly aligned with the question, while qwen3_8b_direct is good but slightly less precise and somewhat redundant.",1938,1938,5.0,5.0,5.0,5.0,3.0,5.0,4.666666666666667,2.0,2.0,1.0,1.0,2.0,1.0,1.5,5.0,4.0,4.0,4.0,3.0,4.0,4.0
2204,2204,learned,"The learned rubric is the most complete and directly aligned with the required normalization, expansion, odd-term selection, coefficients, and time evolution, while remaining concise.",9621,9621,5.0,4.0,4.0,5.0,3.0,5.0,4.333333333333333,5.0,5.0,5.0,5.0,4.0,5.0,4.833333333333333,5.0,4.0,4.0,4.0,2.0,4.0,3.8333333333333335
15894,15894,GT,"GT is the most balanced and complete rubric, with clear criteria for sp3 hybridization, CH4 geometry, and the VB/MO comparison without much redundancy.",6717,6717,5.0,5.0,5.0,5.0,4.0,5.0,4.833333333333333,5.0,4.0,4.0,5.0,4.0,5.0,4.5,5.0,4.0,4.0,5.0,3.0,4.0,4.166666666666667
11836,11836,learned,"The learned rubric is highly relevant and correct while being slightly more concise and useful than GT, whereas qwen3_8b_direct is more redundant and includes some overly strict or repetitive penalties.",7500,7500,5.0,5.0,4.0,5.0,3.0,5.0,4.5,5.0,5.0,4.0,5.0,4.0,5.0,4.666666666666667,5.0,4.0,3.0,5.0,2.0,4.0,3.8333333333333335
1121,1121,GT,"GT is the most complete and directly aligned with the reference answer, while learned is largely irrelevant and qwen3_8b_direct appears truncated and incomplete.",8213,8213,5.0,5.0,5.0,5.0,3.0,5.0,4.666666666666667,2.0,2.0,1.0,1.0,2.0,1.0,1.5,4.0,4.0,2.0,4.0,3.0,3.0,3.3333333333333335
8489,8489,GT,"GT is the most complete and directly aligned with the derivation, while learned is also strong but slightly less concise and complete; qwen3_8b_direct is truncated and incomplete.",3739,3739,5.0,5.0,5.0,5.0,4.0,5.0,4.833333333333333,5.0,5.0,4.0,5.0,4.0,5.0,4.666666666666667,4.0,3.0,1.0,3.0,3.0,2.0,2.6666666666666665
13692,13692,tie,"GT and learned are equally strong and highly aligned with the task, while qwen3_8b_direct is slightly more redundant and less precise.",1559,1559,5.0,5.0,4.0,5.0,4.0,5.0,4.666666666666667,5.0,5.0,4.0,5.0,4.0,5.0,4.666666666666667,5.0,4.0,4.0,5.0,3.0,4.0,4.166666666666667
9493,9493,tie,"GT and learned are both highly relevant and useful; GT is slightly more polished, while learned is similarly strong but includes a problematic negative-weight criterion.",5338,5338,5.0,5.0,5.0,5.0,3.0,5.0,4.666666666666667,5.0,4.0,5.0,5.0,4.0,5.0,4.666666666666667,5.0,4.0,5.0,4.0,3.0,5.0,4.333333333333333
10195,10195,GT,"GT is the most complete and directly usable rubric, while the others are either incomplete or slightly redundant.",585,585,5.0,5.0,5.0,5.0,4.0,5.0,4.833333333333333,4.0,4.0,3.0,4.0,4.0,4.0,3.8333333333333335,5.0,4.0,4.0,5.0,3.0,4.0,4.166666666666667
9454,9454,GT,"GT is the most concise and directly aligned with the question, while the other rubrics add some redundancy and unnecessary emphasis.",7356,7356,5.0,5.0,5.0,5.0,4.0,5.0,4.833333333333333,5.0,4.0,4.0,4.0,3.0,4.0,4.0,5.0,4.0,4.0,4.0,3.0,4.0,4.0
12101,12101,GT,"GT is the most question-specific and complete, while the generated rubrics are useful but slightly more generic and less tightly aligned to the exact derivation target.",8184,8184,5.0,4.0,5.0,5.0,4.0,5.0,4.666666666666667,5.0,4.0,4.0,4.0,4.0,5.0,4.333333333333333,5.0,4.0,4.0,4.0,4.0,5.0,4.333333333333333
469,469,GT,"GT is the most concise and directly aligned with the exact calculation and pitfalls, while the others are slightly more redundant or less precise.",7425,7425,5.0,5.0,5.0,5.0,5.0,5.0,5.0,5.0,4.0,5.0,5.0,3.0,5.0,4.5,5.0,4.0,4.0,5.0,4.0,5.0,4.5
6371,6371,tie,"All three rubrics are highly relevant and useful, with similar coverage and only minor issues from some redundancy and a few imprecise mechanism details.",8383,8383,5.0,4.0,5.0,5.0,4.0,5.0,4.666666666666667,5.0,4.0,5.0,5.0,4.0,5.0,4.666666666666667,5.0,4.0,5.0,5.0,4.0,5.0,4.666666666666667
8568,8568,GT,"GT is the most complete and directly aligned with the question, while the others are slightly less precise or somewhat redundant.",7373,7373,5.0,5.0,5.0,5.0,4.0,5.0,4.833333333333333,5.0,5.0,4.0,5.0,4.0,5.0,4.666666666666667,5.0,4.0,4.0,5.0,4.0,5.0,4.5
12264,12264,GT,"GT is the most complete and directly aligned with the Arrhenius-plot method, while learned is similarly strong but slightly less detailed and qwen3_8b_direct is truncated and incomplete.",7840,7840,5.0,5.0,5.0,5.0,4.0,5.0,4.833333333333333,5.0,5.0,4.0,5.0,4.0,5.0,4.666666666666667,2.0,3.0,1.0,1.0,3.0,1.0,1.8333333333333333
4871,4871,tie,"GT and learned are similarly strong and aligned with the question, while qwen3_8b_direct contains a notable incorrect criterion about water displacement.",2938,2938,5.0,4.0,4.0,5.0,3.0,5.0,4.333333333333333,5.0,4.0,4.0,4.0,4.0,5.0,4.333333333333333,5.0,2.0,3.0,4.0,3.0,3.0,3.3333333333333335
12866,12866,tie,"GT and learned are similarly strong and well-targeted, while qwen3_8b_direct is slightly less accurate and more generic.",9660,9660,5.0,4.0,4.0,4.0,4.0,5.0,4.333333333333333,5.0,4.0,4.0,4.0,4.0,5.0,4.333333333333333,4.0,3.0,3.0,3.0,4.0,4.0,3.5
15612,15612,GT,"GT is the only rubric that directly targets Wien’s law, the Betelgeuse calculation, unit conversion, and the infrared conclusion, while the others are largely generic and internally confused.",9205,9205,5.0,4.0,4.0,4.0,3.0,4.0,4.0,2.0,2.0,1.0,1.0,2.0,1.0,1.5,2.0,2.0,1.0,1.0,2.0,1.0,1.5
4183,4183,GT,"GT is the most directly aligned and complete rubric, while learned is similarly strong but slightly less clean, and qwen3_8b_direct is more abbreviated and less explicit.",8750,8750,5.0,5.0,5.0,5.0,3.0,5.0,4.666666666666667,5.0,4.0,5.0,5.0,3.0,5.0,4.5,4.0,4.0,3.0,4.0,4.0,4.0,3.8333333333333335
17943,17943,GT,"GT is the most directly aligned and useful rubric, while learned is slightly less correct due to the logarithm-base issue and qwen3_8b_direct is largely off-task.",9484,9484,5.0,4.0,5.0,5.0,4.0,5.0,4.666666666666667,5.0,3.0,4.0,5.0,4.0,4.0,4.166666666666667,2.0,1.0,1.0,2.0,2.0,1.0,1.5
9393,9393,learned,"The learned rubric is the most balanced and usable, while GT is somewhat redundant and qwen3_8b_direct is not a rubric at all.",2600,2600,4.0,3.0,4.0,4.0,3.0,4.0,3.6666666666666665,4.0,4.0,4.0,4.0,4.0,4.0,4.0,1.0,1.0,1.0,1.0,2.0,1.0,1.1666666666666667
6814,6814,GT,GT is the most concise and directly aligned with the question while still capturing the key pH–equilibrium–conjugation relationship and the 280 nm target.,8780,8780,5.0,5.0,4.0,5.0,4.0,5.0,4.666666666666667,5.0,4.0,4.0,5.0,3.0,4.0,4.166666666666667,5.0,4.0,5.0,5.0,3.0,5.0,4.5
15371,15371,GT,"GT is tightly aligned to the oxyacid naming task and is the most accurate and useful, while qwen3_8b_direct is not a rubric at all.",6735,6735,5.0,5.0,5.0,5.0,4.0,5.0,4.833333333333333,4.0,3.0,3.0,3.0,3.0,3.0,3.1666666666666665,1.0,1.0,1.0,1.0,1.0,1.0,1.0
4399,4399,GT,"GT is the most complete and directly aligned with the exact calculation steps and common pitfalls, while the others are slightly incomplete or truncated.",9702,9702,5.0,5.0,5.0,5.0,4.0,5.0,4.833333333333333,5.0,4.0,3.0,5.0,4.0,4.0,4.166666666666667,5.0,4.0,4.0,5.0,4.0,4.0,4.333333333333333
13545,13545,learned,"The learned rubric is the most concise while still capturing the key coupling ratios, order-of-magnitude comparison, and constraint usage without much redundancy.",9214,9214,5.0,4.0,4.0,5.0,3.0,5.0,4.333333333333333,5.0,4.0,4.0,5.0,4.0,5.0,4.5,4.0,4.0,3.0,4.0,4.0,4.0,3.8333333333333335
7965,7965,learned,"The learned rubric is the most concise while still capturing the exact target formula, derivation, and key mathematical details without unnecessary redundancy.",8478,8478,4.0,4.0,4.0,4.0,3.0,4.0,3.8333333333333335,5.0,5.0,5.0,5.0,4.0,5.0,4.833333333333333,5.0,4.0,5.0,5.0,3.0,5.0,4.5
10334,10334,GT,"GT is the most aligned with the question and most useful overall, while qwen3_8b_direct has some relevant points but includes factual issues and the learned rubric is largely off-target.",2251,2251,5.0,4.0,4.0,5.0,3.0,5.0,4.333333333333333,2.0,1.0,1.0,1.0,1.0,1.0,1.1666666666666667,4.0,2.0,3.0,4.0,4.0,3.0,3.3333333333333335
10376,10376,GT,"GT is the most directly aligned and well-structured rubric, while learned is similarly strong but slightly less clean, and qwen3_8b_direct is mostly meta-discussion rather than a usable rubric.",6290,6290,5.0,5.0,5.0,5.0,4.0,5.0,4.833333333333333,5.0,4.0,5.0,5.0,4.0,5.0,4.666666666666667,2.0,2.0,1.0,1.0,2.0,1.0,1.5
13110,13110,GT,"GT is the most directly aligned with the question and reference answer, while the other two are verbose, partially generic, and less clearly rubric-like.",1549,1549,5.0,5.0,5.0,5.0,3.0,5.0,4.666666666666667,4.0,3.0,3.0,2.0,2.0,3.0,2.8333333333333335,4.0,3.0,3.0,2.0,2.0,3.0,2.8333333333333335
13120,13120,GT,"GT is the most balanced and directly aligned with the question, while qwen3_8b_direct is also strong but slightly less complete.",8251,8251,5.0,5.0,5.0,5.0,4.0,5.0,4.833333333333333,2.0,2.0,2.0,1.0,2.0,2.0,1.8333333333333333,5.0,5.0,4.0,5.0,4.0,5.0,4.666666666666667
4298,4298,tie,"All three rubrics are highly question-specific but contain a key correctness issue in the final ordering/option, which limits their usefulness similarly.",6360,6360,5.0,2.0,2.0,5.0,4.0,2.0,3.3333333333333335,5.0,2.0,2.0,5.0,4.0,2.0,3.3333333333333335,5.0,2.0,2.0,5.0,4.0,2.0,3.3333333333333335
5320,5320,learned,"The learned rubric is the most complete and directly aligned with the derivation, while qwen3_8b_direct is truncated and incomplete.",8207,8207,5.0,5.0,4.0,5.0,4.0,5.0,4.666666666666667,5.0,5.0,5.0,5.0,4.0,5.0,4.833333333333333,4.0,4.0,2.0,4.0,4.0,3.0,3.5
14393,14393,GT,"GT is the most balanced and concise while still covering the key Lewis structure, formal charge, resonance, and electronegativity points without extra redundancy.",3172,3172,5.0,5.0,5.0,5.0,4.0,5.0,4.833333333333333,5.0,4.0,5.0,5.0,3.0,5.0,4.5,5.0,4.0,4.0,5.0,2.0,4.0,4.0
583,583,GT,"GT is the most balanced and accurate rubric, while learned is close but slightly less precise and qwen3_8b_direct includes some questionable claims about interactions and ensemble modifications.",3623,3623,5.0,5.0,4.0,4.0,4.0,5.0,4.5,5.0,4.0,4.0,4.0,4.0,5.0,4.333333333333333,5.0,3.0,4.0,4.0,4.0,4.0,4.0
454,454,qwen3_8b_direct,"qwen3_8b_direct is the most focused and useful rubric, covering the key safety, comparison, and precaution points with minimal redundancy.",7910,7910,5.0,4.0,4.0,5.0,2.0,4.0,4.0,2.0,2.0,1.0,1.0,2.0,1.0,1.5,5.0,5.0,4.0,5.0,4.0,5.0,4.666666666666667
15414,15414,GT,"GT is tightly aligned to the exact algebra, volumes, and ratio required, while the other two are largely generic and incomplete.",9129,9129,5.0,5.0,5.0,5.0,4.0,5.0,4.833333333333333,2.0,2.0,1.0,1.0,2.0,1.0,1.5,2.0,2.0,1.0,1.0,2.0,1.0,1.5
7515,7515,learned,"The learned rubric is the most complete and useful overall, with strong coverage of the key conceptual and ionization-energy points plus helpful contrasts and examples.",8971,8971,5.0,5.0,4.0,5.0,3.0,5.0,4.5,5.0,4.0,5.0,4.0,3.0,5.0,4.333333333333333,5.0,4.0,4.0,4.0,4.0,5.0,4.333333333333333
14835,14835,tie,"The learned and qwen3_8b_direct rubrics are slightly more concise while still fully capturing the exact formula, ordering, and required answers.",1164,1164,5.0,5.0,5.0,5.0,3.0,5.0,4.666666666666667,5.0,5.0,5.0,5.0,4.0,5.0,4.833333333333333,5.0,5.0,5.0,5.0,4.0,5.0,4.833333333333333
16956,16956,GT,"GT is the most directly aligned and complete rubric, while learned is slightly less specific and qwen3_8b_direct is not a rubric at all.",7746,7746,5.0,3.0,5.0,5.0,3.0,4.0,4.166666666666667,5.0,3.0,4.0,4.0,4.0,4.0,4.0,1.0,1.0,1.0,1.0,1.0,1.0,1.0
4784,4784,GT,"GT is the most directly aligned with the target differential equation, while learned is somewhat useful but includes questionable initial-condition emphasis and qwen3_8b_direct is not a rubric at all.",8384,8384,5.0,4.0,4.0,5.0,3.0,4.0,4.166666666666667,4.0,3.0,4.0,4.0,3.0,4.0,3.6666666666666665,1.0,1.0,1.0,1.0,1.0,1.0,1.0
10844,10844,qwen3_8b_direct,"qwen3_8b_direct is the most focused and useful overall, while GT is relevant but more redundant and learned is largely off-target.",5447,5447,5.0,4.0,4.0,4.0,2.0,4.0,3.8333333333333335,2.0,2.0,1.0,1.0,2.0,1.0,1.5,5.0,4.0,4.0,4.0,4.0,4.0,4.166666666666667
14800,14800,GT,"GT is the most accurate and directly targeted rubric, while learned contains a key ring-size error and qwen3_8b_direct is largely irrelevant and self-referential.",2484,2484,5.0,5.0,4.0,5.0,4.0,5.0,4.666666666666667,4.0,2.0,3.0,4.0,3.0,3.0,3.1666666666666665,1.0,1.0,1.0,1.0,2.0,1.0,1.1666666666666667
8559,8559,GT,"GT is the most concise and directly aligned with the exact derivation and final energy/degeneracy results, while learned is slightly more redundant and qwen3_8b_direct is not a rubric at all.",5816,5816,5.0,5.0,5.0,5.0,4.0,5.0,4.833333333333333,5.0,4.0,5.0,5.0,3.0,5.0,4.5,1.0,1.0,1.0,1.0,1.0,1.0,1.0
16812,16812,tie,"GT and learned are both highly relevant, correct, and complete for this Graham's Law calculation, while qwen3_8b_direct is truncated and incomplete.",3605,3605,5.0,5.0,5.0,5.0,4.0,5.0,4.833333333333333,5.0,5.0,5.0,5.0,4.0,5.0,4.833333333333333,4.0,4.0,2.0,4.0,4.0,3.0,3.5
16516,16516,tie,"All three rubrics are highly relevant and useful; GT is slightly more concise, while the generated rubrics are comparably complete and specific but include a bit more redundancy and minor wording issues.",7661,7661,5.0,5.0,4.0,5.0,3.0,5.0,4.5,5.0,4.0,4.0,5.0,4.0,5.0,4.5,5.0,4.0,4.0,5.0,4.0,5.0,4.5
18240,18240,GT,"GT is the most balanced and accurate rubric, while the others are useful but more redundant and slightly less precise.",1130,1130,5.0,5.0,5.0,5.0,4.0,5.0,4.833333333333333,5.0,4.0,4.0,5.0,3.0,5.0,4.333333333333333,5.0,4.0,4.0,5.0,2.0,4.0,4.0
2402,2402,GT,"GT is the most balanced and complete rubric, with clear coverage of the formula, DOS/mode connection, and simplifying assumptions without much redundancy.",3182,3182,5.0,5.0,5.0,5.0,4.0,5.0,4.833333333333333,5.0,5.0,4.0,5.0,4.0,5.0,4.666666666666667,5.0,5.0,4.0,5.0,4.0,5.0,4.666666666666667
8553,8553,GT,"GT is the only rubric that is clearly aligned to the question and provides usable, question-specific criteria, despite some redundancy.",8103,8103,5.0,4.0,4.0,5.0,3.0,5.0,4.333333333333333,2.0,2.0,1.0,1.0,2.0,1.0,1.5,2.0,2.0,1.0,1.0,2.0,1.0,1.5
8241,8241,GT,"GT is the most directly aligned and complete rubric for the stoichiometry and excess-reactant calculation, while learned is largely off-task and qwen3_8b_direct is solid but less polished.",6272,6272,5.0,5.0,5.0,5.0,4.0,5.0,4.833333333333333,2.0,2.0,1.0,1.0,2.0,1.0,1.5,4.0,4.0,4.0,4.0,4.0,4.0,4.0
2973,2973,GT,"GT is the most balanced and accurate rubric, while qwen3_8b_direct adds some less-targeted and partially extraneous criteria.",4430,4430,5.0,5.0,4.0,5.0,4.0,5.0,4.666666666666667,5.0,4.0,4.0,5.0,4.0,5.0,4.5,4.0,3.0,4.0,4.0,3.0,4.0,3.6666666666666665
18220,18220,GT,"GT is the most directly aligned and useful rubric, while qwen3_8b_direct is largely irrelevant meta-discussion rather than evaluation criteria.",3795,3795,5.0,5.0,4.0,5.0,3.0,5.0,4.5,4.0,4.0,4.0,4.0,4.0,4.0,4.0,1.0,1.0,1.0,1.0,1.0,1.0,1.0
267,267,GT,"GT is the most complete and balanced rubric, while the others are slightly less complete or include weaker/less precise criteria.",5312,5312,5.0,5.0,5.0,5.0,4.0,5.0,4.833333333333333,5.0,5.0,4.0,5.0,4.0,5.0,4.666666666666667,5.0,4.0,4.0,5.0,4.0,4.0,4.333333333333333
15693,15693,GT,"GT is the most balanced and directly aligned with the required derivation, while learned is slightly redundant and qwen3_8b_direct is less complete.",9294,9294,5.0,5.0,5.0,5.0,4.0,5.0,4.833333333333333,5.0,4.0,5.0,5.0,3.0,5.0,4.5,4.0,4.0,3.0,4.0,4.0,4.0,3.8333333333333335
3242,3242,qwen3_8b_direct,"qwen3_8b_direct is the most question-specific and complete, with the clearest χ²-test requirements and hypothesis-testing criteria.",906,906,5.0,4.0,4.0,4.0,3.0,4.0,4.0,5.0,4.0,4.0,4.0,4.0,4.0,4.166666666666667,5.0,4.0,5.0,5.0,4.0,5.0,4.666666666666667
17231,17231,GT,"GT is the most directly aligned and concise rubric, while learned is somewhat useful but includes questionable and less question-specific criteria.",5446,5446,5.0,4.0,4.0,5.0,4.0,5.0,4.5,5.0,3.0,4.0,5.0,4.0,4.0,4.166666666666667,2.0,2.0,1.0,1.0,2.0,1.0,1.5
12222,12222,qwen3_8b_direct,qwen3_8b_direct is the most complete and question-specific while remaining mostly concise and accurate.,2963,2963,5.0,4.0,4.0,5.0,3.0,5.0,4.333333333333333,4.0,2.0,2.0,3.0,2.0,2.0,2.5,5.0,4.0,5.0,5.0,4.0,5.0,4.666666666666667
11845,11845,learned,"The learned rubric is the most concise while still capturing the key indistinguishability distinction, Pauli exclusion, and Bose occupation behavior without much redundancy.",8972,8972,5.0,5.0,4.0,5.0,3.0,5.0,4.5,5.0,5.0,4.0,5.0,4.0,5.0,4.666666666666667,5.0,4.0,4.0,5.0,3.0,5.0,4.333333333333333
12723,12723,GT,"GT is the most directly aligned and useful rubric, while learned is close but slightly less specific and qwen3_8b_direct is incomplete/truncated.",5964,5964,5.0,4.0,4.0,5.0,4.0,5.0,4.5,5.0,4.0,4.0,4.0,4.0,5.0,4.333333333333333,4.0,3.0,2.0,3.0,4.0,3.0,3.1666666666666665
12070,12070,tie,"All three rubrics are highly relevant, correct, and useful for this first-order kinetics calculation, with only minor redundancy in wording.",2310,2310,5.0,5.0,5.0,5.0,4.0,5.0,4.833333333333333,5.0,5.0,5.0,5.0,4.0,5.0,4.833333333333333,5.0,5.0,5.0,5.0,4.0,5.0,4.833333333333333
5382,5382,learned,"The learned rubric is the most balanced and directly useful, while GT is somewhat redundant and qwen3_8b_direct is narrower and slightly less aligned with the question.",7229,7229,5.0,4.0,4.0,4.0,2.0,4.0,3.8333333333333335,5.0,4.0,4.0,4.0,3.0,4.0,4.0,4.0,3.0,3.0,4.0,4.0,3.0,3.5
7085,7085,GT,"GT is the most complete and useful rubric for judging answers, while learned is slightly redundant and qwen3_8b_direct is too minimal.",3008,3008,5.0,5.0,5.0,5.0,4.0,5.0,4.833333333333333,5.0,4.0,5.0,5.0,3.0,5.0,4.5,5.0,5.0,2.0,4.0,5.0,3.0,4.0
6765,6765,GT,"GT is the most concise and accurate match to the question, while the generated rubrics add some useful detail but also introduce redundancy and a minor conceptual issue.",9722,9722,5.0,5.0,5.0,5.0,4.0,5.0,4.833333333333333,5.0,4.0,4.0,5.0,3.0,4.0,4.166666666666667,5.0,4.0,4.0,5.0,3.0,4.0,4.166666666666667
11554,11554,GT,"GT is the most question-specific and useful, while the others include some incorrect or overly generic criteria and miss key details of the exact ranking.",9414,9414,5.0,4.0,5.0,5.0,3.0,5.0,4.5,4.0,2.0,3.0,4.0,3.0,3.0,3.1666666666666665,4.0,3.0,3.0,3.0,4.0,3.0,3.3333333333333335
1450,1450,GT,"GT is the most directly aligned with the question and the reference answer, while the others add some useful detail but are less accurate or more demanding than necessary.",1209,1209,5.0,5.0,4.0,5.0,4.0,5.0,4.666666666666667,5.0,4.0,4.0,4.0,4.0,4.0,4.166666666666667,4.0,3.0,3.0,4.0,4.0,3.0,3.5
17523,17523,GT,"GT is the most accurate and complete for this exact question, while the others are slightly less precise or include weaker/less relevant criteria.",9166,9166,5.0,5.0,5.0,5.0,4.0,5.0,4.833333333333333,5.0,4.0,4.0,5.0,3.0,5.0,4.333333333333333,4.0,4.0,3.0,4.0,4.0,4.0,3.8333333333333335
8156,8156,tie,"GT and learned are similarly strong and well aligned with the question, while qwen3_8b_direct includes several inaccurate or mismatched topological claims.",1452,1452,5.0,4.0,4.0,4.0,4.0,5.0,4.333333333333333,5.0,4.0,4.0,4.0,4.0,5.0,4.333333333333333,4.0,2.0,3.0,3.0,4.0,3.0,3.1666666666666665
17502,17502,GT,"GT and learned are both relevant and mostly correct, but GT is slightly more directly aligned to the exact sulfur-focused question.",870,870,5.0,4.0,4.0,5.0,3.0,4.0,4.166666666666667,5.0,4.0,4.0,4.0,4.0,4.0,4.166666666666667,2.0,2.0,1.0,1.0,1.0,1.0,1.3333333333333333
10059,10059,GT,"GT is the most directly aligned and useful, while qwen3_8b_direct is fairly strong but includes some imprecise or redundant framing and learned is incomplete.",8331,8331,5.0,4.0,4.0,5.0,4.0,5.0,4.5,3.0,3.0,2.0,2.0,4.0,3.0,2.8333333333333335,5.0,3.0,4.0,4.0,3.0,4.0,3.8333333333333335
16471,16471,GT,"GT is the most directly aligned and accurate rubric, while learned is slightly more redundant and qwen3_8b_direct includes some less precise or potentially misleading criteria.",9040,9040,5.0,5.0,4.0,5.0,4.0,5.0,4.666666666666667,5.0,4.0,4.0,5.0,3.0,5.0,4.333333333333333,4.0,3.0,4.0,4.0,3.0,4.0,3.6666666666666665
11746,11746,GT,"GT is the most accurate and concise rubric, while the generated rubrics are useful but somewhat redundant and less cleanly formulated.",1947,1947,5.0,5.0,5.0,5.0,4.0,5.0,4.833333333333333,5.0,4.0,4.0,5.0,3.0,4.0,4.166666666666667,5.0,4.0,4.0,5.0,2.0,4.0,4.0
16559,16559,GT,"GT and learned are similarly strong, but GT is slightly more tailored to the exact inheritance reasoning and pitfall structure.",1204,1204,5.0,4.0,4.0,5.0,4.0,5.0,4.5,5.0,4.0,4.0,5.0,4.0,5.0,4.5,5.0,4.0,3.0,4.0,5.0,4.0,4.166666666666667
14530,14530,GT,"GT is the most concise and directly aligned with the question, while the generated rubrics add some useful points but are more redundant and less focused.",8146,8146,5.0,5.0,4.0,4.0,4.0,5.0,4.5,4.0,4.0,3.0,3.0,3.0,4.0,3.5,4.0,4.0,3.0,3.0,2.0,3.0,3.1666666666666665
18282,18282,GT,"GT is the most directly aligned and comprehensive for this specific GC calibration and stray-peak troubleshooting task, though it is somewhat redundant.",2809,2809,5.0,5.0,5.0,5.0,3.0,5.0,4.666666666666667,5.0,4.0,4.0,4.0,4.0,4.0,4.166666666666667,5.0,4.0,4.0,4.0,3.0,4.0,4.0
14587,14587,GT,"GT is the most directly aligned and accurate for the question, while learned is strong but slightly more redundant and qwen3_8b_direct adds some less necessary constraints.",4067,4067,5.0,5.0,4.0,5.0,4.0,5.0,4.666666666666667,5.0,4.0,5.0,5.0,3.0,5.0,4.5,4.0,3.0,4.0,4.0,3.0,4.0,3.6666666666666665
14624,14624,GT,GT is the most directly aligned with the question and reference answer while remaining clear and broadly complete without much unnecessary material.,8167,8167,5.0,5.0,4.0,5.0,3.0,5.0,4.5,5.0,4.0,4.0,5.0,4.0,5.0,4.5,4.0,3.0,3.0,4.0,4.0,4.0,3.6666666666666665
12413,12413,tie,All three rubrics are fairly specific but contain a major chemistry error by treating pyrrolidine as aromatic and therefore misstate the key hybridization rationale.,5516,5516,4.0,2.0,3.0,4.0,4.0,3.0,3.3333333333333335,4.0,2.0,3.0,4.0,3.0,3.0,3.1666666666666665,4.0,2.0,3.0,4.0,4.0,3.0,3.3333333333333335
8975,8975,learned,"The learned rubric is the most balanced and useful, with correct, specific criteria and less redundancy than GT while being more complete than qwen3_8b_direct.",6906,6906,5.0,5.0,4.0,5.0,2.0,4.0,4.166666666666667,5.0,5.0,4.0,5.0,3.0,5.0,4.5,5.0,4.0,3.0,5.0,4.0,4.0,4.166666666666667
13967,13967,learned,The learned rubric is the most balanced and concise while still capturing the key plasmon-statistics and electron-bath issues without as much redundancy or extra speculative framing.,163,163,5.0,4.0,4.0,4.0,3.0,4.0,4.0,5.0,4.0,4.0,4.0,4.0,4.0,4.166666666666667,5.0,3.0,4.0,4.0,2.0,4.0,3.6666666666666665
1181,1181,GT,"GT is the most directly aligned and useful, with the clearest coverage of the question’s conditions, examples, and underlying quantum principles.",1212,1212,5.0,5.0,4.0,5.0,3.0,5.0,4.5,4.0,4.0,3.0,4.0,4.0,4.0,3.8333333333333335,4.0,4.0,3.0,4.0,3.0,4.0,3.6666666666666665
11675,11675,GT,"GT is the most complete and useful rubric, while the other rubrics are truncated and miss key grading criteria.",611,611,5.0,5.0,4.0,5.0,4.0,5.0,4.666666666666667,4.0,4.0,2.0,4.0,4.0,3.0,3.5,2.0,2.0,1.0,2.0,4.0,1.0,2.0
6014,6014,GT,GT is the most concise and directly aligned with the question while avoiding extra or potentially overprescriptive criteria.,2789,2789,5.0,5.0,4.0,4.0,4.0,5.0,4.5,5.0,4.0,4.0,4.0,3.0,4.0,4.0,5.0,4.0,4.0,4.0,4.0,4.0,4.166666666666667
6309,6309,GT,"GT is the most question-specific and useful overall, while learned is close but slightly less precise and qwen3_8b_direct appears incomplete/truncated.",8281,8281,5.0,4.0,4.0,5.0,4.0,5.0,4.5,5.0,4.0,4.0,4.0,4.0,5.0,4.333333333333333,4.0,3.0,2.0,3.0,3.0,3.0,3.0
5105,5105,tie,"GT and learned are equally strong and highly aligned with the question, while qwen3_8b_direct is also good but slightly more redundant and less concise.",3666,3666,5.0,5.0,5.0,5.0,4.0,5.0,4.833333333333333,5.0,5.0,5.0,5.0,4.0,5.0,4.833333333333333,5.0,5.0,4.0,5.0,3.0,5.0,4.5
14643,14643,tie,"GT and qwen3_8b_direct are both highly relevant and useful, while learned is slightly weaker due to a likely incorrect variance relation and some redundancy.",649,649,5.0,4.0,4.0,5.0,4.0,5.0,4.5,5.0,3.0,4.0,5.0,3.0,4.0,4.0,5.0,4.0,4.0,5.0,4.0,5.0,4.5
10317,10317,GT,"GT is slightly more concise and directly aligned with the three requested parts, while the others are more redundant.",4875,4875,5.0,4.0,4.0,5.0,3.0,5.0,4.333333333333333,5.0,4.0,4.0,5.0,3.0,5.0,4.333333333333333,5.0,4.0,4.0,5.0,2.0,4.0,4.0
10970,10970,GT,"GT is the most complete and directly aligned with the required balanced protonation equations, while qwen3_8b_direct is also strong but slightly more redundant.",7752,7752,5.0,5.0,5.0,5.0,3.0,5.0,4.666666666666667,1.0,1.0,1.0,1.0,4.0,1.0,1.5,5.0,4.0,4.0,5.0,3.0,5.0,4.333333333333333
8650,8650,learned,"The learned rubric is the most concise while still capturing the key stoichiometry, pH/Kw relationship, and final calculation needed for this problem.",2929,2929,5.0,5.0,4.0,5.0,3.0,5.0,4.5,5.0,5.0,4.0,5.0,4.0,5.0,4.666666666666667,5.0,4.0,4.0,4.0,3.0,4.0,4.0
4954,4954,GT,"GT is the most complete and directly aligned with the exact derivation and final numerical orbitals, despite some redundancy and a minor notation issue.",9014,9014,5.0,4.0,5.0,5.0,3.0,5.0,4.5,4.0,3.0,2.0,4.0,3.0,3.0,3.1666666666666665,5.0,3.0,4.0,5.0,2.0,4.0,3.8333333333333335
5881,5881,learned,"The learned rubric is the most complete and useful overall, though it includes one somewhat extraneous electrochemistry criterion.",2985,2985,5.0,5.0,4.0,5.0,3.0,5.0,4.5,5.0,4.0,5.0,5.0,3.0,5.0,4.5,5.0,4.0,4.0,5.0,4.0,4.0,4.333333333333333
5653,5653,GT,"GT is the most directly aligned and balanced rubric, while qwen3_8b_direct is also strong but slightly more redundant and less tightly matched to the reference answer.",4164,4164,5.0,5.0,5.0,5.0,4.0,5.0,4.833333333333333,4.0,3.0,2.0,4.0,4.0,3.0,3.3333333333333335,5.0,4.0,4.0,4.0,3.0,4.0,4.0
705,705,GT,"GT is the most aligned and practically useful overall, while learned is somewhat relevant but includes questionable constraints and qwen3_8b_direct is truncated and incomplete.",3598,3598,5.0,4.0,4.0,4.0,3.0,4.0,4.0,4.0,3.0,3.0,4.0,4.0,3.0,3.5,2.0,2.0,1.0,2.0,3.0,1.0,1.8333333333333333
285,285,tie,"All three rubrics are highly relevant and mostly correct, with similar coverage of the force balance, peak friction, and final inequality, so none clearly dominates.",2777,2777,5.0,4.0,4.0,5.0,3.0,4.0,4.166666666666667,5.0,4.0,4.0,4.0,4.0,4.0,4.166666666666667,5.0,4.0,4.0,4.0,4.0,4.0,4.166666666666667
148,148,tie,"GT and learned are equally strong and fully aligned with the conversion task, while qwen3_8b_direct is slightly less precise due to an unnecessary significant-figures criterion and a weaker negative criterion.",193,193,5.0,5.0,5.0,5.0,4.0,5.0,4.833333333333333,5.0,5.0,5.0,5.0,4.0,5.0,4.833333333333333,4.0,4.0,4.0,4.0,4.0,4.0,4.0
8280,8280,tie,GT and learned are equally strong and well-targeted; qwen3_8b_direct is also strong but slightly more redundant and less cleanly phrased.,6567,6567,5.0,5.0,5.0,5.0,4.0,5.0,4.833333333333333,5.0,5.0,5.0,5.0,4.0,5.0,4.833333333333333,5.0,4.0,5.0,5.0,3.0,5.0,4.5
14168,14168,GT,"GT is the most directly aligned with the question and the reference answer, while the others add some useful physics but include more generic or slightly inaccurate criteria.",7950,7950,5.0,4.0,4.0,5.0,4.0,5.0,4.5,4.0,3.0,4.0,4.0,4.0,4.0,3.8333333333333335,4.0,3.0,4.0,4.0,3.0,4.0,3.6666666666666665
1291,1291,GT,"GT and learned are both highly aligned and complete, while qwen3_8b_direct is truncated and less usable.",5819,5819,5.0,5.0,5.0,5.0,4.0,5.0,4.833333333333333,5.0,5.0,5.0,5.0,4.0,5.0,4.833333333333333,4.0,3.0,2.0,4.0,4.0,3.0,3.3333333333333335
1614,1614,tie,The learned and qwen3_8b_direct rubrics are slightly more concise and focused while still covering the key mathematical and quantum-mechanical points.,8133,8133,5.0,4.0,4.0,5.0,3.0,4.0,4.166666666666667,5.0,4.0,4.0,5.0,4.0,4.0,4.333333333333333,5.0,4.0,4.0,5.0,4.0,4.0,4.333333333333333
15455,15455,GT,"GT is the most complete and well-balanced rubric, while the generated rubrics are strong but slightly more redundant and less precise about the determinism/decoherence distinction.",7179,7179,5.0,5.0,5.0,5.0,4.0,5.0,4.833333333333333,5.0,4.0,4.0,5.0,3.0,5.0,4.333333333333333,5.0,4.0,4.0,5.0,3.0,5.0,4.333333333333333
17472,17472,GT,"GT is the most concise and directly aligned with the exact calculation steps and final numeric targets, while learned is also strong but slightly less clean.",2825,2825,5.0,5.0,5.0,5.0,4.0,5.0,4.833333333333333,5.0,4.0,5.0,5.0,4.0,5.0,4.666666666666667,2.0,2.0,2.0,2.0,2.0,2.0,2.0
12670,12670,learned,The learned rubric is the most concise while still capturing the key derivation target and ensemble context without as much redundancy or a potentially misleading emphasis on extra thermodynamic details.,7606,7606,5.0,4.0,4.0,5.0,3.0,5.0,4.333333333333333,5.0,4.0,4.0,5.0,4.0,5.0,4.5,5.0,3.0,4.0,5.0,3.0,4.0,4.0
16672,16672,learned,"The learned rubric is the most complete and directly aligned with the carrier/CLN3 autosomal recessive explanation, while qwen3_8b_direct is not a rubric at all.",8960,8960,5.0,5.0,4.0,5.0,3.0,5.0,4.5,5.0,5.0,5.0,5.0,4.0,5.0,4.833333333333333,1.0,1.0,1.0,1.0,1.0,1.0,1.0
967,967,tie,"All three rubrics are relevant and correct, with qwen3_8b_direct most complete but somewhat redundant, while learned is cleaner and similarly useful.",3717,3717,5.0,5.0,4.0,4.0,3.0,5.0,4.333333333333333,5.0,5.0,4.0,4.0,4.0,5.0,4.5,5.0,5.0,5.0,5.0,2.0,5.0,4.5
15531,15531,GT,"GT is the most concise and accurate rubric, while the others are useful but slightly more redundant and less cleanly specified.",3789,3789,5.0,5.0,5.0,5.0,4.0,5.0,4.833333333333333,5.0,4.0,5.0,5.0,3.0,5.0,4.5,5.0,4.0,5.0,5.0,2.0,5.0,4.333333333333333
6602,6602,GT,"GT is the most balanced and directly aligned with the acid-base stoichiometry and final pH calculation, while the others are slightly more redundant or less precise.",345,345,5.0,5.0,5.0,5.0,4.0,5.0,4.833333333333333,5.0,4.0,5.0,5.0,4.0,5.0,4.666666666666667,5.0,4.0,4.0,5.0,4.0,4.0,4.333333333333333
5317,5317,GT,"GT is the most directly aligned with the question and reference answer, though qwen3_8b_direct is also strong and slightly more concise.",2762,2762,5.0,5.0,5.0,5.0,3.0,5.0,4.666666666666667,5.0,4.0,4.0,5.0,3.0,5.0,4.333333333333333,5.0,4.0,4.0,5.0,4.0,5.0,4.5
2403,2403,tie,"GT and learned are equally strong overall, with GT slightly more direct and learned slightly more structured, while qwen3_8b_direct is also good but a bit less complete.",7005,7005,5.0,5.0,5.0,5.0,3.0,5.0,4.666666666666667,5.0,4.0,5.0,5.0,4.0,5.0,4.666666666666667,5.0,4.0,4.0,5.0,4.0,5.0,4.5
14950,14950,GT,"GT is the most accurate and broadly useful rubric, while the generated rubrics include some questionable or overly specific claims that reduce correctness.",3143,3143,5.0,5.0,4.0,4.0,4.0,5.0,4.5,5.0,3.0,4.0,4.0,4.0,4.0,4.0,5.0,2.0,3.0,4.0,4.0,3.0,3.5
11587,11587,GT,"GT is the most balanced and directly aligned with the question, while qwen3_8b_direct is very complete but slightly more redundant and over-specific.",594,594,5.0,5.0,4.0,5.0,4.0,5.0,4.666666666666667,5.0,4.0,4.0,5.0,3.0,5.0,4.333333333333333,5.0,4.0,5.0,5.0,3.0,5.0,4.5
15344,15344,tie,"All three rubrics are highly relevant, correct, and complete for this multi-lens sign-convention problem, with only minor redundancy.",2054,2054,5.0,5.0,5.0,5.0,4.0,5.0,4.833333333333333,5.0,5.0,5.0,5.0,4.0,5.0,4.833333333333333,5.0,5.0,5.0,5.0,4.0,5.0,4.833333333333333
17312,17312,tie,The learned and qwen3_8b_direct rubrics are slightly more concise and targeted than GT while still covering the key challenge-to-complementarity point and experiment details.,2421,2421,5.0,4.0,4.0,4.0,3.0,4.0,4.0,5.0,4.0,4.0,4.0,4.0,4.0,4.166666666666667,5.0,4.0,4.0,4.0,4.0,4.0,4.166666666666667
5722,5722,tie,"All three rubrics are highly relevant and useful; GT is slightly redundant, while the generated rubrics are concise but a bit less precise about the exact chemistry mechanism.",2840,2840,5.0,5.0,4.0,5.0,3.0,5.0,4.5,5.0,4.0,4.0,5.0,4.0,5.0,4.5,5.0,4.0,4.0,5.0,4.0,5.0,4.5
17216,17216,GT,"GT is the most question-specific and complete, while the generated rubrics are useful but more generic and slightly less precise.",9804,9804,5.0,5.0,5.0,5.0,4.0,5.0,4.833333333333333,5.0,4.0,4.0,4.0,3.0,4.0,4.0,5.0,4.0,4.0,4.0,4.0,4.0,4.166666666666667
3339,3339,tie,"GT and learned are both highly relevant, correct, and complete for the derivation and numerical comparison, while qwen3_8b_direct is truncated and less complete.",6833,6833,5.0,5.0,5.0,5.0,4.0,5.0,4.833333333333333,5.0,5.0,5.0,5.0,4.0,5.0,4.833333333333333,4.0,3.0,2.0,3.0,4.0,3.0,3.1666666666666665
16210,16210,GT,"GT is the most directly aligned with the fusion/reproduction scenario and the key viability/fertility factors, while the learned rubric is too error-prone and qwen3_8b_direct is less complete.",9821,9821,5.0,5.0,4.0,5.0,4.0,5.0,4.666666666666667,3.0,2.0,2.0,3.0,3.0,2.0,2.5,4.0,3.0,3.0,4.0,4.0,4.0,3.6666666666666665
2516,2516,learned,"The learned rubric is the most complete and question-specific, while GT is somewhat redundant and qwen3_8b_direct is largely irrelevant and incomplete.",3164,3164,4.0,4.0,3.0,4.0,3.0,4.0,3.6666666666666665,5.0,4.0,4.0,5.0,4.0,5.0,4.5,1.0,1.0,1.0,1.0,2.0,1.0,1.1666666666666667
7600,7600,GT,"GT is the most directly aligned and useful rubric, while learned is similar but slightly more redundant and qwen3_8b_direct is largely malformed and incomplete.",7113,7113,5.0,3.0,4.0,5.0,4.0,4.0,4.166666666666667,5.0,3.0,4.0,5.0,3.0,4.0,4.0,2.0,1.0,1.0,2.0,2.0,1.0,1.5
6868,6868,GT,"GT is the most directly aligned and complete for judging the required formation equation and energy term, while learned is somewhat useful but more generic and qwen3_8b_direct is incomplete.",2909,2909,5.0,5.0,5.0,5.0,4.0,5.0,4.833333333333333,4.0,4.0,4.0,4.0,3.0,4.0,3.8333333333333335,2.0,2.0,1.0,2.0,2.0,1.0,1.6666666666666667
2471,2471,learned,"The learned rubric is the most focused and useful, while GT is slightly redundant and qwen3_8b_direct is largely a meta-reasoning draft rather than a rubric.",8412,8412,5.0,4.0,4.0,4.0,3.0,4.0,4.0,5.0,4.0,4.0,4.0,4.0,4.0,4.166666666666667,2.0,1.0,1.0,1.0,2.0,1.0,1.3333333333333333
12803,12803,tie,"All three rubrics are highly relevant and useful, with the generated rubrics slightly more concise while still covering the key ensemble comparison and canonical result.",3650,3650,5.0,4.0,4.0,5.0,3.0,5.0,4.333333333333333,5.0,4.0,4.0,5.0,4.0,5.0,4.5,5.0,4.0,4.0,5.0,4.0,5.0,4.5
14889,14889,GT,"GT is the most concise and fully aligned with the question, while the others are either truncated or include some redundant or less useful criteria.",8256,8256,5.0,5.0,5.0,5.0,4.0,5.0,4.833333333333333,4.0,4.0,3.0,4.0,3.0,4.0,3.6666666666666665,5.0,4.0,4.0,5.0,3.0,4.0,4.166666666666667
10944,10944,GT,"GT is the most directly aligned and scientifically accurate overall, while learned is close but slightly less precise and qwen3_8b_direct includes some weaker or less accurate framing.",114,114,5.0,5.0,4.0,5.0,3.0,5.0,4.5,5.0,4.0,4.0,5.0,4.0,5.0,4.5,4.0,3.0,3.0,4.0,4.0,3.0,3.5
6882,6882,GT,"GT is the most complete and directly aligned with the calculation steps and final numeric answer, while qwen3_8b_direct is also strong but slightly less complete.",6606,6606,5.0,5.0,5.0,5.0,4.0,5.0,4.833333333333333,2.0,2.0,1.0,1.0,2.0,1.0,1.5,5.0,5.0,4.0,5.0,4.0,5.0,4.666666666666667
1567,1567,qwen3_8b_direct,qwen3_8b_direct is the most question-specific and complete while remaining largely correct and useful for judging responses.,2755,2755,5.0,4.0,4.0,4.0,3.0,4.0,4.0,5.0,4.0,4.0,4.0,4.0,4.0,4.166666666666667,5.0,4.0,5.0,5.0,4.0,5.0,4.666666666666667
13672,13672,learned,"The learned rubric is the most accurate, complete, and directly useful while remaining concise and well-targeted to the exact derivation.",2302,2302,5.0,4.0,4.0,5.0,3.0,5.0,4.333333333333333,5.0,5.0,5.0,5.0,4.0,5.0,4.833333333333333,5.0,4.0,4.0,4.0,4.0,4.0,4.166666666666667
9275,9275,GT,"GT directly targets normalization, the expectation integral, and the correct final value, while the other rubrics are incomplete or off-task.",3175,3175,5.0,5.0,5.0,5.0,4.0,5.0,4.833333333333333,1.0,1.0,1.0,1.0,1.0,1.0,1.0,1.0,1.0,1.0,1.0,1.0,1.0,1.0
15025,15025,tie,"All three rubrics are highly relevant, correct, and useful, with only minor redundancy in phrasing and criteria overlap.",4713,4713,5.0,5.0,5.0,5.0,4.0,5.0,4.833333333333333,5.0,5.0,5.0,5.0,4.0,5.0,4.833333333333333,5.0,5.0,5.0,5.0,4.0,5.0,4.833333333333333
16388,16388,GT,"GT is the most balanced and directly aligned with the two-part derivation, while the others are slightly less precise or include weaker/odd criteria.",8325,8325,5.0,5.0,5.0,5.0,3.0,5.0,4.666666666666667,5.0,4.0,4.0,5.0,4.0,5.0,4.5,5.0,3.0,4.0,5.0,3.0,4.0,4.0
3465,3465,GT,"GT is the most complete and directly aligned with the exact stoichiometric calculation, though it is slightly more redundant than the others.",3941,3941,5.0,5.0,5.0,5.0,3.0,5.0,4.666666666666667,5.0,4.0,4.0,5.0,4.0,5.0,4.5,5.0,4.0,4.0,5.0,4.0,5.0,4.5
16786,16786,tie,"GT and learned are equally strong and fully aligned with the problem, while qwen3_8b_direct is slightly less complete due to fewer explicit grading details.",8618,8618,5.0,5.0,5.0,5.0,4.0,5.0,4.833333333333333,5.0,5.0,5.0,5.0,4.0,5.0,4.833333333333333,5.0,5.0,4.0,5.0,4.0,5.0,4.666666666666667
10870,10870,tie,"All three rubrics are highly relevant and useful, with GT and qwen3_8b_direct slightly stronger overall and learned penalized a bit for extra redundancy.",7709,7709,5.0,4.0,4.0,4.0,4.0,5.0,4.333333333333333,5.0,4.0,4.0,4.0,3.0,5.0,4.166666666666667,5.0,4.0,4.0,4.0,4.0,5.0,4.333333333333333
2583,2583,tie,"All three rubrics are highly relevant and useful; the learned and qwen rubrics are slightly more concise, while GT is a bit more redundant.",7525,7525,5.0,4.0,5.0,5.0,3.0,5.0,4.5,5.0,4.0,5.0,5.0,4.0,5.0,4.666666666666667,5.0,4.0,5.0,5.0,4.0,5.0,4.666666666666667
13947,13947,GT,"GT is the most complete and question-specific, while qwen3_8b_direct is also strong but slightly less detailed; learned is unrelated to the question.",7436,7436,5.0,5.0,5.0,5.0,4.0,5.0,4.833333333333333,1.0,1.0,1.0,1.0,4.0,1.0,1.5,5.0,5.0,4.0,4.0,4.0,5.0,4.5
